series_slug,series_name,unit,frequency,observation_date,value,source,snapshot_generated_at
cdi,CDI interest rate,percent per day,daily,2025-07-21,0.055131,Banco Central do Brasil - SGS,2026-08-24T21:53:02.473616+00:00
cdi,CDI interest rate,percent per day,daily,2025-07-22,0.055131,Banco Central do Brasil - SGS,2026-08-24T21:53:02.473616+00:00
cdi,CDI interest rate,percent per day,daily,2025-07-23,0.055131,Banco Central do Brasil - SGS,2026-08-24T21:53:02.473616+00:00
cdi,CDI interest rate,percent per day,daily,2025-07-24,0.055131,Banco Central do Brasil - SGS,2026-08-24T21:53:02.473616+00:00
cdi,CDI interest rate,percent per day,daily,2025-07-25,0.055131,Banco Central do Brasil - SGS,2026-08-24T21:53:02.473616+00:00
cdi,CDI interest rate,percent per day,daily,2025-07-28,0.055131,Banco Central do Brasil - SGS,2026-08-24T21:53:02.473616+00:00
cdi,CDI interest rate,percent per day,daily,2025-07-29,0.055131,Banco Central do Brasil - SGS,2026-08-24T21:53:02.473616+00:00
cdi,CDI interest rate,percent per day,daily,2025-07-30,0.055131,Banco Central do Brasil - SGS,2026-08-24T21:53:02.473616+00:00
cdi,CDI interest rate,percent per day,daily,2025-07-31,0.055131,Banco Central do Brasil - SGS,2026-08-24T21:53:02.473616+00:00
cdi,CDI interest rate,percent per day,daily,2025-08-01,0.055131,Banco Central do Brasil - SGS,2026-08-24T21:53:02.473616+00:00
cdi,CDI interest rate,percent per day,daily,2025-08-04,0.055131,Banco Central do Brasil - SGS,2026-08-24T21:53:02.473616+00:00
cdi,CDI interest rate,percent per day,daily,2025-08-05,0.055131,Banco Central do Brasil - SGS,2026-08-24T21:53:02.473616+00:00
cdi,CDI interest rate,percent per day,daily,2025-08-06,0.055131,Banco Central do Brasil - SGS,2026-08-24T21:53:02.473616+00:00
cdi,CDI interest rate,percent per day,daily,2025-08-07,0.055131,Banco Central do Brasil - SGS,2026-08-24T21:53:02.473616+00:00
cdi,CDI interest rate,percent per day,daily,2025-08-08,0.055131,Banco Central do Brasil - SGS,2026-08-24T21:53:02.473616+00:00
cdi,CDI interest rate,percent per day,daily,2025-08-11,0.055131,Banco Central do Brasil - SGS,2026-08-24T21:53:02.473616+00:00
cdi,CDI interest rate,percent per day,daily,2025-08-12,0.055131,Banco Central do Brasil - SGS,2026-08-24T21:53:02.473616+00:00
cdi,CDI interest rate,percent per day,daily,2025-08-13,0.055131,Banco Central do Brasil - SGS,2026-08-24T21:53:02.473616+00:00
cdi,CDI interest rate,percent per day,daily,2025-08-14,0.055131,Banco Central do Brasil - SGS,2026-08-24T21:53:02.473616+00:00
cdi,CDI interest rate,percent per day,daily,2025-08-15,0.055131,Banco Central do Brasil - SGS,2026-08-24T21:53:02.473616+00:00
cdi,CDI interest rate,percent per day,daily,2025-08-18,0.055131,Banco Central do Brasil - SGS,2026-08-24T21:53:02.473616+00:00
cdi,CDI interest rate,percent per day,daily,2025-08-19,0.055131,Banco Central do Brasil - SGS,2026-08-24T21:53:02.473616+00:00
cdi,CDI interest rate,percent per day,daily,2025-08-20,0.055131,Banco Central do Brasil - SGS,2026-08-24T21:53:02.473616+00:00
cdi,CDI interest rate,percent per day,daily,2025-08-21,0.055131,Banco Central do Brasil - SGS,2026-08-24T21:53:02.473616+00:00
cdi,CDI interest rate,percent per day,daily,2025-08-22,0.055131,Banco Central do Brasil - SGS,2026-08-24T21:53:02.473616+00:00
cdi,CDI interest rate,percent per day,daily,2025-08-25,0.055131,Banco Central do Brasil - SGS,2026-08-24T21:53:02.473616+00:00
cdi,CDI interest rate,percent per day,daily,2025-08-26,0.055131,Banco Central do Brasil - SGS,2026-08-24T21:53:02.473616+00:00
cdi,CDI interest rate,percent per day,daily,2025-08-27,0.055131,Banco Central do Brasil - SGS,2026-08-24T21:53:02.473616+00:00
cdi,CDI interest rate,percent per day,daily,2025-08-28,0.055131,Banco Central do Brasil - SGS,2026-08-24T21:53:02.473616+00:00
cdi,CDI interest rate,percent per day,daily,2025-08-29,0.055131,Banco Central do Brasil - SGS,2026-08-24T21:53:02.473616+00:00
cdi,CDI interest rate,percent per day,daily,2025-09-01,0.055131,Banco Central do Brasil - SGS,2026-08-24T21:53:02.473616+00:00
cdi,CDI interest rate,percent per day,daily,2025-09-02,0.055131,Banco Central do Brasil - SGS,2026-08-24T21:53:02.473616+00:00
cdi,CDI interest rate,percent per day,daily,2025-09-03,0.055131,Banco Central do Brasil - SGS,2026-08-24T21:53:02.473616+00:00
cdi,CDI interest rate,percent per day,daily,2025-09-04,0.055131,Banco Central do Brasil - SGS,2026-08-24T21:53:02.473616+00:00
cdi,CDI interest rate,percent per day,daily,2025-09-05,0.055131,Banco Central do Brasil - SGS,2026-08-24T21:53:02.473616+00:00
cdi,CDI interest rate,percent per day,daily,2025-09-08,0.055131,Banco Central do Brasil - SGS,2026-08-24T21:53:02.473616+00:00
cdi,CDI interest rate,percent per day,daily,2025-09-09,0.055131,Banco Central do Brasil - SGS,2026-08-24T21:53:02.473616+00:00
cdi,CDI interest rate,percent per day,daily,2025-09-10,0.055131,Banco Central do Brasil - SGS,2026-08-24T21:53:02.473616+00:00
cdi,CDI interest rate,percent per day,daily,2025-09-11,0.055131,Banco Central do Brasil - SGS,2026-08-24T21:53:02.473616+00:00
cdi,CDI interest rate,percent per day,daily,2025-09-12,0.055131,Banco Central do Brasil - SGS,2026-08-24T21:53:02.473616+00:00
cdi,CDI interest rate,percent per day,daily,2025-09-15,0.055131,Banco Central do Brasil - SGS,2026-08-24T21:53:02.473616+00:00
cdi,CDI interest rate,percent per day,daily,2025-09-16,0.055131,Banco Central do Brasil - SGS,2026-08-24T21:53:02.473616+00:00
cdi,CDI interest rate,percent per day,daily,2025-09-17,0.055131,Banco Central do Brasil - SGS,2026-08-24T21:53:02.473616+00:00
cdi,CDI interest rate,percent per day,daily,2025-09-18,0.055131,Banco Central do Brasil - SGS,2026-08-24T21:53:02.473616+00:00
cdi,CDI interest rate,percent per day,daily,2025-09-19,0.055131,Banco Central do Brasil - SGS,2026-08-24T21:53:02.473616+00:00
cdi,CDI interest rate,percent per day,daily,2025-09-22,0.055131,Banco Central do Brasil - SGS,2026-08-24T21:53:02.473616+00:00
cdi,CDI interest rate,percent per day,daily,2025-09-23,0.055131,Banco Central do Brasil - SGS,2026-08-24T21:53:02.473616+00:00
cdi,CDI interest rate,percent per day,daily,2025-09-24,0.055131,Banco Central do Brasil - SGS,2026-08-24T21:53:02.473616+00:00
cdi,CDI interest rate,percent per day,daily,2025-09-25,0.055131,Banco Central do Brasil - SGS,2026-08-24T21:53:02.473616+00:00
cdi,CDI interest rate,percent per day,daily,2025-09-26,0.055131,Banco Central do Brasil - SGS,2026-08-24T21:53:02.473616+00:00
cdi,CDI interest rate,percent per day,daily,2025-09-29,0.055131,Banco Central do Brasil - SGS,2026-08-24T21:53:02.473616+00:00
cdi,CDI interest rate,percent per day,daily,2025-09-30,0.055131,Banco Central do Brasil - SGS,2026-08-24T21:53:02.473616+00:00
cdi,CDI interest rate,percent per day,daily,2025-10-01,0.055131,Banco Central do Brasil - SGS,2026-08-24T21:53:02.473616+00:00
cdi,CDI interest rate,percent per day,daily,2025-10-02,0.055131,Banco Central do Brasil - SGS,2026-08-24T21:53:02.473616+00:00
cdi,CDI interest rate,percent per day,daily,2025-10-03,0.055131,Banco Central do Brasil - SGS,2026-08-24T21:53:02.473616+00:00
cdi,CDI interest rate,percent per day,daily,2025-10-06,0.055131,Banco Central do Brasil - SGS,2026-08-24T21:53:02.473616+00:00
cdi,CDI interest rate,percent per day,daily,2025-10-07,0.055131,Banco Central do Brasil - SGS,2026-08-24T21:53:02.473616+00:00
cdi,CDI interest rate,percent per day,daily,2025-10-08,0.055131,Banco Central do Brasil - SGS,2026-08-24T21:53:02.473616+00:00
cdi,CDI interest rate,percent per day,daily,2025-10-09,0.055131,Banco Central do Brasil - SGS,2026-08-24T21:53:02.473616+00:00
cdi,CDI interest rate,percent per day,daily,2025-10-10,0.055131,Banco Central do Brasil - SGS,2026-08-24T21:53:02.473616+00:00
cdi,CDI interest rate,percent per day,daily,2025-10-13,0.055131,Banco Central do Brasil - SGS,2026-08-24T21:53:02.473616+00:00
cdi,CDI interest rate,percent per day,daily,2025-10-14,0.055131,Banco Central do Brasil - SGS,2026-08-24T21:53:02.473616+00:00
cdi,CDI interest rate,percent per day,daily,2025-10-15,0.055131,Banco Central do Brasil - SGS,2026-08-24T21:53:02.473616+00:00
cdi,CDI interest rate,percent per day,daily,2025-10-16,0.055131,Banco Central do Brasil - SGS,2026-08-24T21:53:02.473616+00:00
cdi,CDI interest rate,percent per day,daily,2025-10-17,0.055131,Banco Central do Brasil - SGS,2026-08-24T21:53:02.473616+00:00
cdi,CDI interest rate,percent per day,daily,2025-10-20,0.055131,Banco Central do Brasil - SGS,2026-08-24T21:53:02.473616+00:00
cdi,CDI interest rate,percent per day,daily,2025-10-21,0.055131,Banco Central do Brasil - SGS,2026-08-24T21:53:02.473616+00:00
cdi,CDI interest rate,percent per day,daily,2025-10-22,0.055131,Banco Central do Brasil - SGS,2026-08-24T21:53:02.473616+00:00
cdi,CDI interest rate,percent per day,daily,2025-10-23,0.055131,Banco Central do Brasil - SGS,2026-08-24T21:53:02.473616+00:00
cdi,CDI interest rate,percent per day,daily,2025-10-24,0.055131,Banco Central do Brasil - SGS,2026-08-24T21:53:02.473616+00:00
cdi,CDI interest rate,percent per day,daily,2025-10-27,0.055131,Banco Central do Brasil - SGS,2026-08-24T21:53:02.473616+00:00
cdi,CDI interest rate,percent per day,daily,2025-10-28,0.055131,Banco Central do Brasil - SGS,2026-08-24T21:53:02.473616+00:00
cdi,CDI interest rate,percent per day,daily,2025-10-29,0.055131,Banco Central do Brasil - SGS,2026-08-24T21:53:02.473616+00:00
cdi,CDI interest rate,percent per day,daily,2025-10-30,0.055131,Banco Central do Brasil - SGS,2026-08-24T21:53:02.473616+00:00
cdi,CDI interest rate,percent per day,daily,2025-10-31,0.055131,Banco Central do Brasil - SGS,2026-08-24T21:53:02.473616+00:00
cdi,CDI interest rate,percent per day,daily,2025-11-03,0.055131,Banco Central do Brasil - SGS,2026-08-24T21:53:02.473616+00:00
cdi,CDI interest rate,percent per day,daily,2025-11-04,0.055131,Banco Central do Brasil - SGS,2026-08-24T21:53:02.473616+00:00
cdi,CDI interest rate,percent per day,daily,2025-11-05,0.055131,Banco Central do Brasil - SGS,2026-08-24T21:53:02.473616+00:00
cdi,CDI interest rate,percent per day,daily,2025-11-06,0.055131,Banco Central do Brasil - SGS,2026-08-24T21:53:02.473616+00:00
cdi,CDI interest rate,percent per day,daily,2025-11-07,0.055131,Banco Central do Brasil - SGS,2026-08-24T21:53:02.473616+00:00
cdi,CDI interest rate,percent per day,daily,2025-11-10,0.055131,Banco Central do Brasil - SGS,2026-08-24T21:53:02.473616+00:00
cdi,CDI interest rate,percent per day,daily,2025-11-11,0.055131,Banco Central do Brasil - SGS,2026-08-24T21:53:02.473616+00:00
cdi,CDI interest rate,percent per day,daily,2025-11-12,0.055131,Banco Central do Brasil - SGS,2026-08-24T21:53:02.473616+00:00
cdi,CDI interest rate,percent per day,daily,2025-11-13,0.055131,Banco Central do Brasil - SGS,2026-08-24T21:53:02.473616+00:00
cdi,CDI interest rate,percent per day,daily,2025-11-14,0.055131,Banco Central do Brasil - SGS,2026-08-24T21:53:02.473616+00:00
cdi,CDI interest rate,percent per day,daily,2025-11-17,0.055131,Banco Central do Brasil - SGS,2026-08-24T21:53:02.473616+00:00
cdi,CDI interest rate,percent per day,daily,2025-11-18,0.055131,Banco Central do Brasil - SGS,2026-08-24T21:53:02.473616+00:00
cdi,CDI interest rate,percent per day,daily,2025-11-19,0.055131,Banco Central do Brasil - SGS,2026-08-24T21:53:02.473616+00:00
cdi,CDI interest rate,percent per day,daily,2025-11-21,0.055131,Banco Central do Brasil - SGS,2026-08-24T21:53:02.473616+00:00
cdi,CDI interest rate,percent per day,daily,2025-11-24,0.055131,Banco Central do Brasil - SGS,2026-08-24T21:53:02.473616+00:00
cdi,CDI interest rate,percent per day,daily,2025-11-25,0.055131,Banco Central do Brasil - SGS,2026-08-24T21:53:02.473616+00:00
cdi,CDI interest rate,percent per day,daily,2025-11-26,0.055131,Banco Central do Brasil - SGS,2026-08-24T21:53:02.473616+00:00
cdi,CDI interest rate,percent per day,daily,2025-11-27,0.055131,Banco Central do Brasil - SGS,2026-08-24T21:53:02.473616+00:00
cdi,CDI interest rate,percent per day,daily,2025-11-28,0.055131,Banco Central do Brasil - SGS,2026-08-24T21:53:02.473616+00:00
cdi,CDI interest rate,percent per day,daily,2025-12-01,0.055131,Banco Central do Brasil - SGS,2026-08-24T21:53:02.473616+00:00
cdi,CDI interest rate,percent per day,daily,2025-12-02,0.055131,Banco Central do Brasil - SGS,2026-08-24T21:53:02.473616+00:00
cdi,CDI interest rate,percent per day,daily,2025-12-03,0.055131,Banco Central do Brasil - SGS,2026-08-24T21:53:02.473616+00:00
cdi,CDI interest rate,percent per day,daily,2025-12-04,0.055131,Banco Central do Brasil - SGS,2026-08-24T21:53:02.473616+00:00
cdi,CDI interest rate,percent per day,daily,2025-12-05,0.055131,Banco Central do Brasil - SGS,2026-08-24T21:53:02.473616+00:00
cdi,CDI interest rate,percent per day,daily,2025-12-08,0.055131,Banco Central do Brasil - SGS,2026-08-24T21:53:02.473616+00:00
cdi,CDI interest rate,percent per day,daily,2025-12-09,0.055131,Banco Central do Brasil - SGS,2026-08-24T21:53:02.473616+00:00
cdi,CDI interest rate,percent per day,daily,2025-12-10,0.055131,Banco Central do Brasil - SGS,2026-08-24T21:53:02.473616+00:00
cdi,CDI interest rate,percent per day,daily,2025-12-11,0.055131,Banco Central do Brasil - SGS,2026-08-24T21:53:02.473616+00:00
cdi,CDI interest rate,percent per day,daily,2025-12-12,0.055131,Banco Central do Brasil - SGS,2026-08-24T21:53:02.473616+00:00
cdi,CDI interest rate,percent per day,daily,2025-12-15,0.055131,Banco Central do Brasil - SGS,2026-08-24T21:53:02.473616+00:00
cdi,CDI interest rate,percent per day,daily,2025-12-16,0.055131,Banco Central do Brasil - SGS,2026-08-24T21:53:02.473616+00:00
cdi,CDI interest rate,percent per day,daily,2025-12-17,0.055131,Banco Central do Brasil - SGS,2026-08-24T21:53:02.473616+00:00
cdi,CDI interest rate,percent per day,daily,2025-12-18,0.055131,Banco Central do Brasil - SGS,2026-08-24T21:53:02.473616+00:00
cdi,CDI interest rate,percent per day,daily,2025-12-19,0.055131,Banco Central do Brasil - SGS,2026-08-24T21:53:02.473616+00:00
cdi,CDI interest rate,percent per day,daily,2025-12-22,0.055131,Banco Central do Brasil - SGS,2026-08-24T21:53:02.473616+00:00
cdi,CDI interest rate,percent per day,daily,2025-12-23,0.055131,Banco Central do Brasil - SGS,2026-08-24T21:53:02.473616+00:00
cdi,CDI interest rate,percent per day,daily,2025-12-24,0.055131,Banco Central do Brasil - SGS,2026-08-24T21:53:02.473616+00:00
cdi,CDI interest rate,percent per day,daily,2025-12-26,0.055131,Banco Central do Brasil - SGS,2026-08-24T21:53:02.473616+00:00
cdi,CDI interest rate,percent per day,daily,2025-12-29,0.055131,Banco Central do Brasil - SGS,2026-08-24T21:53:02.473616+00:00
cdi,CDI interest rate,percent per day,daily,2025-12-30,0.055131,Banco Central do Brasil - SGS,2026-08-24T21:53:02.473616+00:00
cdi,CDI interest rate,percent per day,daily,2025-12-31,0.055131,Banco Central do Brasil - SGS,2026-08-24T21:53:02.473616+00:00
cdi,CDI interest rate,percent per day,daily,2026-01-02,0.055131,Banco Central do Brasil - SGS,2026-08-24T21:53:02.473616+00:00
cdi,CDI interest rate,percent per day,daily,2026-01-05,0.055131,Banco Central do Brasil - SGS,2026-08-24T21:53:02.473616+00:00
cdi,CDI interest rate,percent per day,daily,2026-01-06,0.055131,Banco Central do Brasil - SGS,2026-08-24T21:53:02.473616+00:00
cdi,CDI interest rate,percent per day,daily,2026-01-07,0.055131,Banco Central do Brasil - SGS,2026-08-24T21:53:02.473616+00:00
cdi,CDI interest rate,percent per day,daily,2026-01-08,0.055131,Banco Central do Brasil - SGS,2026-08-24T21:53:02.473616+00:00
cdi,CDI interest rate,percent per day,daily,2026-01-09,0.055131,Banco Central do Brasil - SGS,2026-08-24T21:53:02.473616+00:00
cdi,CDI interest rate,percent per day,daily,2026-01-12,0.055131,Banco Central do Brasil - SGS,2026-08-24T21:53:02.473616+00:00
cdi,CDI interest rate,percent per day,daily,2026-01-13,0.055131,Banco Central do Brasil - SGS,2026-08-24T21:53:02.473616+00:00
cdi,CDI interest rate,percent per day,daily,2026-01-14,0.055131,Banco Central do Brasil - SGS,2026-08-24T21:53:02.473616+00:00
cdi,CDI interest rate,percent per day,daily,2026-01-15,0.055131,Banco Central do Brasil - SGS,2026-08-24T21:53:02.473616+00:00
cdi,CDI interest rate,percent per day,daily,2026-01-16,0.055131,Banco Central do Brasil - SGS,2026-08-24T21:53:02.473616+00:00
cdi,CDI interest rate,percent per day,daily,2026-01-19,0.055131,Banco Central do Brasil - SGS,2026-08-24T21:53:02.473616+00:00
cdi,CDI interest rate,percent per day,daily,2026-01-20,0.055131,Banco Central do Brasil - SGS,2026-08-24T21:53:02.473616+00:00
cdi,CDI interest rate,percent per day,daily,2026-01-21,0.055131,Banco Central do Brasil - SGS,2026-08-24T21:53:02.473616+00:00
cdi,CDI interest rate,percent per day,daily,2026-01-22,0.055131,Banco Central do Brasil - SGS,2026-08-24T21:53:02.473616+00:00
cdi,CDI interest rate,percent per day,daily,2026-01-23,0.055131,Banco Central do Brasil - SGS,2026-08-24T21:53:02.473616+00:00
cdi,CDI interest rate,percent per day,daily,2026-01-26,0.055131,Banco Central do Brasil - SGS,2026-08-24T21:53:02.473616+00:00
cdi,CDI interest rate,percent per day,daily,2026-01-27,0.055131,Banco Central do Brasil - SGS,2026-08-24T21:53:02.473616+00:00
cdi,CDI interest rate,percent per day,daily,2026-01-28,0.055131,Banco Central do Brasil - SGS,2026-08-24T21:53:02.473616+00:00
cdi,CDI interest rate,percent per day,daily,2026-01-29,0.055131,Banco Central do Brasil - SGS,2026-08-24T21:53:02.473616+00:00
cdi,CDI interest rate,percent per day,daily,2026-01-30,0.055131,Banco Central do Brasil - SGS,2026-08-24T21:53:02.473616+00:00
cdi,CDI interest rate,percent per day,daily,2026-02-02,0.055131,Banco Central do Brasil - SGS,2026-08-24T21:53:02.473616+00:00
cdi,CDI interest rate,percent per day,daily,2026-02-03,0.055131,Banco Central do Brasil - SGS,2026-08-24T21:53:02.473616+00:00
cdi,CDI interest rate,percent per day,daily,2026-02-04,0.055131,Banco Central do Brasil - SGS,2026-08-24T21:53:02.473616+00:00
cdi,CDI interest rate,percent per day,daily,2026-02-05,0.055131,Banco Central do Brasil - SGS,2026-08-24T21:53:02.473616+00:00
cdi,CDI interest rate,percent per day,daily,2026-02-06,0.055131,Banco Central do Brasil - SGS,2026-08-24T21:53:02.473616+00:00
cdi,CDI interest rate,percent per day,daily,2026-02-09,0.055131,Banco Central do Brasil - SGS,2026-08-24T21:53:02.473616+00:00
cdi,CDI interest rate,percent per day,daily,2026-02-10,0.055131,Banco Central do Brasil - SGS,2026-08-24T21:53:02.473616+00:00
cdi,CDI interest rate,percent per day,daily,2026-02-11,0.055131,Banco Central do Brasil - SGS,2026-08-24T21:53:02.473616+00:00
cdi,CDI interest rate,percent per day,daily,2026-02-12,0.055131,Banco Central do Brasil - SGS,2026-08-24T21:53:02.473616+00:00
cdi,CDI interest rate,percent per day,daily,2026-02-13,0.055131,Banco Central do Brasil - SGS,2026-08-24T21:53:02.473616+00:00
cdi,CDI interest rate,percent per day,daily,2026-02-18,0.055131,Banco Central do Brasil - SGS,2026-08-24T21:53:02.473616+00:00
cdi,CDI interest rate,percent per day,daily,2026-02-19,0.055131,Banco Central do Brasil - SGS,2026-08-24T21:53:02.473616+00:00
cdi,CDI interest rate,percent per day,daily,2026-02-20,0.055131,Banco Central do Brasil - SGS,2026-08-24T21:53:02.473616+00:00
cdi,CDI interest rate,percent per day,daily,2026-02-23,0.055131,Banco Central do Brasil - SGS,2026-08-24T21:53:02.473616+00:00
cdi,CDI interest rate,percent per day,daily,2026-02-24,0.055131,Banco Central do Brasil - SGS,2026-08-24T21:53:02.473616+00:00
cdi,CDI interest rate,percent per day,daily,2026-02-25,0.055131,Banco Central do Brasil - SGS,2026-08-24T21:53:02.473616+00:00
cdi,CDI interest rate,percent per day,daily,2026-02-26,0.055131,Banco Central do Brasil - SGS,2026-08-24T21:53:02.473616+00:00
cdi,CDI interest rate,percent per day,daily,2026-02-27,0.055131,Banco Central do Brasil - SGS,2026-08-24T21:53:02.473616+00:00
cdi,CDI interest rate,percent per day,daily,2026-03-02,0.055131,Banco Central do Brasil - SGS,2026-08-24T21:53:02.473616+00:00
cdi,CDI interest rate,percent per day,daily,2026-03-03,0.055131,Banco Central do Brasil - SGS,2026-08-24T21:53:02.473616+00:00
cdi,CDI interest rate,percent per day,daily,2026-03-04,0.055131,Banco Central do Brasil - SGS,2026-08-24T21:53:02.473616+00:00
cdi,CDI interest rate,percent per day,daily,2026-03-05,0.055131,Banco Central do Brasil - SGS,2026-08-24T21:53:02.473616+00:00
cdi,CDI interest rate,percent per day,daily,2026-03-06,0.055131,Banco Central do Brasil - SGS,2026-08-24T21:53:02.473616+00:00
cdi,CDI interest rate,percent per day,daily,2026-03-09,0.055131,Banco Central do Brasil - SGS,2026-08-24T21:53:02.473616+00:00
cdi,CDI interest rate,percent per day,daily,2026-03-10,0.055131,Banco Central do Brasil - SGS,2026-08-24T21:53:02.473616+00:00
cdi,CDI interest rate,percent per day,daily,2026-03-11,0.055131,Banco Central do Brasil - SGS,2026-08-24T21:53:02.473616+00:00
cdi,CDI interest rate,percent per day,daily,2026-03-12,0.055131,Banco Central do Brasil - SGS,2026-08-24T21:53:02.473616+00:00
cdi,CDI interest rate,percent per day,daily,2026-03-13,0.055131,Banco Central do Brasil - SGS,2026-08-24T21:53:02.473616+00:00
cdi,CDI interest rate,percent per day,daily,2026-03-16,0.055131,Banco Central do Brasil - SGS,2026-08-24T21:53:02.473616+00:00
cdi,CDI interest rate,percent per day,daily,2026-03-17,0.055131,Banco Central do Brasil - SGS,2026-08-24T21:53:02.473616+00:00
cdi,CDI interest rate,percent per day,daily,2026-03-18,0.055131,Banco Central do Brasil - SGS,2026-08-24T21:53:02.473616+00:00
cdi,CDI interest rate,percent per day,daily,2026-03-19,0.054266,Banco Central do Brasil - SGS,2026-08-24T21:53:02.473616+00:00
cdi,CDI interest rate,percent per day,daily,2026-03-20,0.054266,Banco Central do Brasil - SGS,2026-08-24T21:53:02.473616+00:00
cdi,CDI interest rate,percent per day,daily,2026-03-23,0.054266,Banco Central do Brasil - SGS,2026-08-24T21:53:02.473616+00:00
cdi,CDI interest rate,percent per day,daily,2026-03-24,0.054266,Banco Central do Brasil - SGS,2026-08-24T21:53:02.473616+00:00
cdi,CDI interest rate,percent per day,daily,2026-03-25,0.054266,Banco Central do Brasil - SGS,2026-08-24T21:53:02.473616+00:00
cdi,CDI interest rate,percent per day,daily,2026-03-26,0.054266,Banco Central do Brasil - SGS,2026-08-24T21:53:02.473616+00:00
cdi,CDI interest rate,percent per day,daily,2026-03-27,0.054266,Banco Central do Brasil - SGS,2026-08-24T21:53:02.473616+00:00
cdi,CDI interest rate,percent per day,daily,2026-03-30,0.054266,Banco Central do Brasil - SGS,2026-08-24T21:53:02.473616+00:00
cdi,CDI interest rate,percent per day,daily,2026-03-31,0.054266,Banco Central do Brasil - SGS,2026-08-24T21:53:02.473616+00:00
cdi,CDI interest rate,percent per day,daily,2026-04-01,0.054266,Banco Central do Brasil - SGS,2026-08-24T21:53:02.473616+00:00
cdi,CDI interest rate,percent per day,daily,2026-04-02,0.054266,Banco Central do Brasil - SGS,2026-08-24T21:53:02.473616+00:00
cdi,CDI interest rate,percent per day,daily,2026-04-06,0.054266,Banco Central do Brasil - SGS,2026-08-24T21:53:02.473616+00:00
cdi,CDI interest rate,percent per day,daily,2026-04-07,0.054266,Banco Central do Brasil - SGS,2026-08-24T21:53:02.473616+00:00
cdi,CDI interest rate,percent per day,daily,2026-04-08,0.054266,Banco Central do Brasil - SGS,2026-08-24T21:53:02.473616+00:00
cdi,CDI interest rate,percent per day,daily,2026-04-09,0.054266,Banco Central do Brasil - SGS,2026-08-24T21:53:02.473616+00:00
cdi,CDI interest rate,percent per day,daily,2026-04-10,0.054266,Banco Central do Brasil - SGS,2026-08-24T21:53:02.473616+00:00
cdi,CDI interest rate,percent per day,daily,2026-04-13,0.054266,Banco Central do Brasil - SGS,2026-08-24T21:53:02.473616+00:00
cdi,CDI interest rate,percent per day,daily,2026-04-14,0.054266,Banco Central do Brasil - SGS,2026-08-24T21:53:02.473616+00:00
cdi,CDI interest rate,percent per day,daily,2026-04-15,0.054266,Banco Central do Brasil - SGS,2026-08-24T21:53:02.473616+00:00
cdi,CDI interest rate,percent per day,daily,2026-04-16,0.054266,Banco Central do Brasil - SGS,2026-08-24T21:53:02.473616+00:00
cdi,CDI interest rate,percent per day,daily,2026-04-17,0.054266,Banco Central do Brasil - SGS,2026-08-24T21:53:02.473616+00:00
cdi,CDI interest rate,percent per day,daily,2026-04-20,0.054266,Banco Central do Brasil - SGS,2026-08-24T21:53:02.473616+00:00
cdi,CDI interest rate,percent per day,daily,2026-04-22,0.054266,Banco Central do Brasil - SGS,2026-08-24T21:53:02.473616+00:00
cdi,CDI interest rate,percent per day,daily,2026-04-23,0.054266,Banco Central do Brasil - SGS,2026-08-24T21:53:02.473616+00:00
cdi,CDI interest rate,percent per day,daily,2026-04-24,0.054266,Banco Central do Brasil - SGS,2026-08-24T21:53:02.473616+00:00
cdi,CDI interest rate,percent per day,daily,2026-04-27,0.054266,Banco Central do Brasil - SGS,2026-08-24T21:53:02.473616+00:00
cdi,CDI interest rate,percent per day,daily,2026-04-28,0.054266,Banco Central do Brasil - SGS,2026-08-24T21:53:02.473616+00:00
cdi,CDI interest rate,percent per day,daily,2026-04-29,0.054266,Banco Central do Brasil - SGS,2026-08-24T21:53:02.473616+00:00
cdi,CDI interest rate,percent per day,daily,2026-04-30,0.0534,Banco Central do Brasil - SGS,2026-08-24T21:53:02.473616+00:00
cdi,CDI interest rate,percent per day,daily,2026-05-04,0.0534,Banco Central do Brasil - SGS,2026-08-24T21:53:02.473616+00:00
cdi,CDI interest rate,percent per day,daily,2026-05-05,0.0534,Banco Central do Brasil - SGS,2026-08-24T21:53:02.473616+00:00
cdi,CDI interest rate,percent per day,daily,2026-05-06,0.0534,Banco Central do Brasil - SGS,2026-08-24T21:53:02.473616+00:00
cdi,CDI interest rate,percent per day,daily,2026-05-07,0.0534,Banco Central do Brasil - SGS,2026-08-24T21:53:02.473616+00:00
cdi,CDI interest rate,percent per day,daily,2026-05-08,0.0534,Banco Central do Brasil - SGS,2026-08-24T21:53:02.473616+00:00
cdi,CDI interest rate,percent per day,daily,2026-05-11,0.0534,Banco Central do Brasil - SGS,2026-08-24T21:53:02.473616+00:00
cdi,CDI interest rate,percent per day,daily,2026-05-12,0.0534,Banco Central do Brasil - SGS,2026-08-24T21:53:02.473616+00:00
cdi,CDI interest rate,percent per day,daily,2026-05-13,0.0534,Banco Central do Brasil - SGS,2026-08-24T21:53:02.473616+00:00
cdi,CDI interest rate,percent per day,daily,2026-05-14,0.0534,Banco Central do Brasil - SGS,2026-08-24T21:53:02.473616+00:00
cdi,CDI interest rate,percent per day,daily,2026-05-15,0.0534,Banco Central do Brasil - SGS,2026-08-24T21:53:02.473616+00:00
cdi,CDI interest rate,percent per day,daily,2026-05-18,0.0534,Banco Central do Brasil - SGS,2026-08-24T21:53:02.473616+00:00
cdi,CDI interest rate,percent per day,daily,2026-05-19,0.0534,Banco Central do Brasil - SGS,2026-08-24T21:53:02.473616+00:00
cdi,CDI interest rate,percent per day,daily,2026-05-20,0.0534,Banco Central do Brasil - SGS,2026-08-24T21:53:02.473616+00:00
cdi,CDI interest rate,percent per day,daily,2026-05-21,0.0534,Banco Central do Brasil - SGS,2026-08-24T21:53:02.473616+00:00
cdi,CDI interest rate,percent per day,daily,2026-05-22,0.0534,Banco Central do Brasil - SGS,2026-08-24T21:53:02.473616+00:00
cdi,CDI interest rate,percent per day,daily,2026-05-25,0.0534,Banco Central do Brasil - SGS,2026-08-24T21:53:02.473616+00:00
cdi,CDI interest rate,percent per day,daily,2026-05-26,0.0534,Banco Central do Brasil - SGS,2026-08-24T21:53:02.473616+00:00
cdi,CDI interest rate,percent per day,daily,2026-05-27,0.0534,Banco Central do Brasil - SGS,2026-08-24T21:53:02.473616+00:00
cdi,CDI interest rate,percent per day,daily,2026-05-28,0.0534,Banco Central do Brasil - SGS,2026-08-24T21:53:02.473616+00:00
cdi,CDI interest rate,percent per day,daily,2026-05-29,0.0534,Banco Central do Brasil - SGS,2026-08-24T21:53:02.473616+00:00
cdi,CDI interest rate,percent per day,daily,2026-06-01,0.0534,Banco Central do Brasil - SGS,2026-08-24T21:53:02.473616+00:00
cdi,CDI interest rate,percent per day,daily,2026-06-02,0.0534,Banco Central do Brasil - SGS,2026-08-24T21:53:02.473616+00:00
cdi,CDI interest rate,percent per day,daily,2026-06-03,0.0534,Banco Central do Brasil - SGS,2026-08-24T21:53:02.473616+00:00
cdi,CDI interest rate,percent per day,daily,2026-06-05,0.0534,Banco Central do Brasil - SGS,2026-08-24T21:53:02.473616+00:00
cdi,CDI interest rate,percent per day,daily,2026-06-08,0.0534,Banco Central do Brasil - SGS,2026-08-24T21:53:02.473616+00:00
cdi,CDI interest rate,percent per day,daily,2026-06-09,0.0534,Banco Central do Brasil - SGS,2026-08-24T21:53:02.473616+00:00
cdi,CDI interest rate,percent per day,daily,2026-06-10,0.0534,Banco Central do Brasil - SGS,2026-08-24T21:53:02.473616+00:00
cdi,CDI interest rate,percent per day,daily,2026-06-11,0.0534,Banco Central do Brasil - SGS,2026-08-24T21:53:02.473616+00:00
cdi,CDI interest rate,percent per day,daily,2026-06-12,0.0534,Banco Central do Brasil - SGS,2026-08-24T21:53:02.473616+00:00
cdi,CDI interest rate,percent per day,daily,2026-06-15,0.0534,Banco Central do Brasil - SGS,2026-08-24T21:53:02.473616+00:00
cdi,CDI interest rate,percent per day,daily,2026-06-16,0.0534,Banco Central do Brasil - SGS,2026-08-24T21:53:02.473616+00:00
cdi,CDI interest rate,percent per day,daily,2026-06-17,0.0534,Banco Central do Brasil - SGS,2026-08-24T21:53:02.473616+00:00
cdi,CDI interest rate,percent per day,daily,2026-06-18,0.052531,Banco Central do Brasil - SGS,2026-08-24T21:53:02.473616+00:00
cdi,CDI interest rate,percent per day,daily,2026-06-19,0.052531,Banco Central do Brasil - SGS,2026-08-24T21:53:02.473616+00:00
cdi,CDI interest rate,percent per day,daily,2026-06-22,0.052531,Banco Central do Brasil - SGS,2026-08-24T21:53:02.473616+00:00
cdi,CDI interest rate,percent per day,daily,2026-06-23,0.052531,Banco Central do Brasil - SGS,2026-08-24T21:53:02.473616+00:00
cdi,CDI interest rate,percent per day,daily,2026-06-24,0.052531,Banco Central do Brasil - SGS,2026-08-24T21:53:02.473616+00:00
cdi,CDI interest rate,percent per day,daily,2026-06-25,0.052531,Banco Central do Brasil - SGS,2026-08-24T21:53:02.473616+00:00
cdi,CDI interest rate,percent per day,daily,2026-06-26,0.052531,Banco Central do Brasil - SGS,2026-08-24T21:53:02.473616+00:00
cdi,CDI interest rate,percent per day,daily,2026-06-29,0.052531,Banco Central do Brasil - SGS,2026-08-24T21:53:02.473616+00:00
cdi,CDI interest rate,percent per day,daily,2026-06-30,0.052531,Banco Central do Brasil - SGS,2026-08-24T21:53:02.473616+00:00
cdi,CDI interest rate,percent per day,daily,2026-07-01,0.052531,Banco Central do Brasil - SGS,2026-08-24T21:53:02.473616+00:00
cdi,CDI interest rate,percent per day,daily,2026-07-02,0.052531,Banco Central do Brasil - SGS,2026-08-24T21:53:02.473616+00:00
cdi,CDI interest rate,percent per day,daily,2026-07-03,0.052531,Banco Central do Brasil - SGS,2026-08-24T21:53:02.473616+00:00
cdi,CDI interest rate,percent per day,daily,2026-07-06,0.052531,Banco Central do Brasil - SGS,2026-08-24T21:53:02.473616+00:00
cdi,CDI interest rate,percent per day,daily,2026-07-07,0.052531,Banco Central do Brasil - SGS,2026-08-24T21:53:02.473616+00:00
cdi,CDI interest rate,percent per day,daily,2026-07-08,0.052531,Banco Central do Brasil - SGS,2026-08-24T21:53:02.473616+00:00
cdi,CDI interest rate,percent per day,daily,2026-07-09,0.052531,Banco Central do Brasil - SGS,2026-08-24T21:53:02.473616+00:00
cdi,CDI interest rate,percent per day,daily,2026-07-10,0.052531,Banco Central do Brasil - SGS,2026-08-24T21:53:02.473616+00:00
cdi,CDI interest rate,percent per day,daily,2026-07-13,0.052531,Banco Central do Brasil - SGS,2026-08-24T21:53:02.473616+00:00
cdi,CDI interest rate,percent per day,daily,2026-07-14,0.052531,Banco Central do Brasil - SGS,2026-08-24T21:53:02.473616+00:00
cdi,CDI interest rate,percent per day,daily,2026-07-15,0.052531,Banco Central do Brasil - SGS,2026-08-24T21:53:02.473616+00:00
cdi,CDI interest rate,percent per day,daily,2026-07-16,0.052531,Banco Central do Brasil - SGS,2026-08-24T21:53:02.473616+00:00
cdi,CDI interest rate,percent per day,daily,2026-07-17,0.052531,Banco Central do Brasil - SGS,2026-08-24T21:53:02.473616+00:00
cdi,CDI interest rate,percent per day,daily,2026-07-20,0.052531,Banco Central do Brasil - SGS,2026-08-24T21:53:02.473616+00:00
cdi,CDI interest rate,percent per day,daily,2026-07-21,0.052531,Banco Central do Brasil - SGS,2026-08-24T21:53:02.473616+00:00
cdi,CDI interest rate,percent per day,daily,2026-07-22,0.052531,Banco Central do Brasil - SGS,2026-08-24T21:53:02.473616+00:00
cdi,CDI interest rate,percent per day,daily,2026-07-23,0.052531,Banco Central do Brasil - SGS,2026-08-24T21:53:02.473616+00:00
cdi,CDI interest rate,percent per day,daily,2026-07-24,0.052531,Banco Central do Brasil - SGS,2026-08-24T21:53:02.473616+00:00
cdi,CDI interest rate,percent per day,daily,2026-07-27,0.052531,Banco Central do Brasil - SGS,2026-08-24T21:53:02.473616+00:00
cdi,CDI interest rate,percent per day,daily,2026-07-28,0.052531,Banco Central do Brasil - SGS,2026-08-24T21:53:02.473616+00:00
cdi,CDI interest rate,percent per day,daily,2026-07-29,0.052531,Banco Central do Brasil - SGS,2026-08-24T21:53:02.473616+00:00
cdi,CDI interest rate,percent per day,daily,2026-07-30,0.052531,Banco Central do Brasil - SGS,2026-08-24T21:53:02.473616+00:00
cdi,CDI interest rate,percent per day,daily,2026-07-31,0.052531,Banco Central do Brasil - SGS,2026-08-24T21:53:02.473616+00:00
cdi,CDI interest rate,percent per day,daily,2026-08-03,0.052531,Banco Central do Brasil - SGS,2026-08-24T21:53:02.473616+00:00
cdi,CDI interest rate,percent per day,daily,2026-08-04,0.052531,Banco Central do Brasil - SGS,2026-08-24T21:53:02.473616+00:00
cdi,CDI interest rate,percent per day,daily,2026-08-05,0.052531,Banco Central do Brasil - SGS,2026-08-24T21:53:02.473616+00:00
cdi,CDI interest rate,percent per day,daily,2026-08-06,0.05166,Banco Central do Brasil - SGS,2026-08-24T21:53:02.473616+00:00
cdi,CDI interest rate,percent per day,daily,2026-08-07,0.05166,Banco Central do Brasil - SGS,2026-08-24T21:53:02.473616+00:00
cdi,CDI interest rate,percent per day,daily,2026-08-10,0.05166,Banco Central do Brasil - SGS,2026-08-24T21:53:02.473616+00:00
cdi,CDI interest rate,percent per day,daily,2026-08-11,0.05166,Banco Central do Brasil - SGS,2026-08-24T21:53:02.473616+00:00
cdi,CDI interest rate,percent per day,daily,2026-08-12,0.05166,Banco Central do Brasil - SGS,2026-08-24T21:53:02.473616+00:00
cdi,CDI interest rate,percent per day,daily,2026-08-13,0.05166,Banco Central do Brasil - SGS,2026-08-24T21:53:02.473616+00:00
cdi,CDI interest rate,percent per day,daily,2026-08-14,0.05166,Banco Central do Brasil - SGS,2026-08-24T21:53:02.473616+00:00
cdi,CDI interest rate,percent per day,daily,2026-08-17,0.05166,Banco Central do Brasil - SGS,2026-08-24T21:53:02.473616+00:00
cdi,CDI interest rate,percent per day,daily,2026-08-18,0.05166,Banco Central do Brasil - SGS,2026-08-24T21:53:02.473616+00:00
cdi,CDI interest rate,percent per day,daily,2026-08-19,0.05166,Banco Central do Brasil - SGS,2026-08-24T21:53:02.473616+00:00
cdi,CDI interest rate,percent per day,daily,2026-08-20,0.05166,Banco Central do Brasil - SGS,2026-08-24T21:53:02.473616+00:00
cdi,CDI interest rate,percent per day,daily,2026-08-21,0.05166,Banco Central do Brasil - SGS,2026-08-24T21:53:02.473616+00:00
ipca,IPCA inflation rate,monthly percent change,monthly,2021-08-01,0.87,Banco Central do Brasil - SGS,2026-08-24T21:53:02.473616+00:00
ipca,IPCA inflation rate,monthly percent change,monthly,2021-09-01,1.16,Banco Central do Brasil - SGS,2026-08-24T21:53:02.473616+00:00
ipca,IPCA inflation rate,monthly percent change,monthly,2021-10-01,1.25,Banco Central do Brasil - SGS,2026-08-24T21:53:02.473616+00:00
ipca,IPCA inflation rate,monthly percent change,monthly,2021-11-01,0.95,Banco Central do Brasil - SGS,2026-08-24T21:53:02.473616+00:00
ipca,IPCA inflation rate,monthly percent change,monthly,2021-12-01,0.73,Banco Central do Brasil - SGS,2026-08-24T21:53:02.473616+00:00
ipca,IPCA inflation rate,monthly percent change,monthly,2022-01-01,0.54,Banco Central do Brasil - SGS,2026-08-24T21:53:02.473616+00:00
ipca,IPCA inflation rate,monthly percent change,monthly,2022-02-01,1.01,Banco Central do Brasil - SGS,2026-08-24T21:53:02.473616+00:00
ipca,IPCA inflation rate,monthly percent change,monthly,2022-03-01,1.62,Banco Central do Brasil - SGS,2026-08-24T21:53:02.473616+00:00
ipca,IPCA inflation rate,monthly percent change,monthly,2022-04-01,1.06,Banco Central do Brasil - SGS,2026-08-24T21:53:02.473616+00:00
ipca,IPCA inflation rate,monthly percent change,monthly,2022-05-01,0.47,Banco Central do Brasil - SGS,2026-08-24T21:53:02.473616+00:00
ipca,IPCA inflation rate,monthly percent change,monthly,2022-06-01,0.67,Banco Central do Brasil - SGS,2026-08-24T21:53:02.473616+00:00
ipca,IPCA inflation rate,monthly percent change,monthly,2022-07-01,-0.68,Banco Central do Brasil - SGS,2026-08-24T21:53:02.473616+00:00
ipca,IPCA inflation rate,monthly percent change,monthly,2022-08-01,-0.36,Banco Central do Brasil - SGS,2026-08-24T21:53:02.473616+00:00
ipca,IPCA inflation rate,monthly percent change,monthly,2022-09-01,-0.29,Banco Central do Brasil - SGS,2026-08-24T21:53:02.473616+00:00
ipca,IPCA inflation rate,monthly percent change,monthly,2022-10-01,0.59,Banco Central do Brasil - SGS,2026-08-24T21:53:02.473616+00:00
ipca,IPCA inflation rate,monthly percent change,monthly,2022-11-01,0.41,Banco Central do Brasil - SGS,2026-08-24T21:53:02.473616+00:00
ipca,IPCA inflation rate,monthly percent change,monthly,2022-12-01,0.62,Banco Central do Brasil - SGS,2026-08-24T21:53:02.473616+00:00
ipca,IPCA inflation rate,monthly percent change,monthly,2023-01-01,0.53,Banco Central do Brasil - SGS,2026-08-24T21:53:02.473616+00:00
ipca,IPCA inflation rate,monthly percent change,monthly,2023-02-01,0.84,Banco Central do Brasil - SGS,2026-08-24T21:53:02.473616+00:00
ipca,IPCA inflation rate,monthly percent change,monthly,2023-03-01,0.71,Banco Central do Brasil - SGS,2026-08-24T21:53:02.473616+00:00
ipca,IPCA inflation rate,monthly percent change,monthly,2023-04-01,0.61,Banco Central do Brasil - SGS,2026-08-24T21:53:02.473616+00:00
ipca,IPCA inflation rate,monthly percent change,monthly,2023-05-01,0.23,Banco Central do Brasil - SGS,2026-08-24T21:53:02.473616+00:00
ipca,IPCA inflation rate,monthly percent change,monthly,2023-06-01,-0.08,Banco Central do Brasil - SGS,2026-08-24T21:53:02.473616+00:00
ipca,IPCA inflation rate,monthly percent change,monthly,2023-07-01,0.12,Banco Central do Brasil - SGS,2026-08-24T21:53:02.473616+00:00
ipca,IPCA inflation rate,monthly percent change,monthly,2023-08-01,0.23,Banco Central do Brasil - SGS,2026-08-24T21:53:02.473616+00:00
ipca,IPCA inflation rate,monthly percent change,monthly,2023-09-01,0.26,Banco Central do Brasil - SGS,2026-08-24T21:53:02.473616+00:00
ipca,IPCA inflation rate,monthly percent change,monthly,2023-10-01,0.24,Banco Central do Brasil - SGS,2026-08-24T21:53:02.473616+00:00
ipca,IPCA inflation rate,monthly percent change,monthly,2023-11-01,0.28,Banco Central do Brasil - SGS,2026-08-24T21:53:02.473616+00:00
ipca,IPCA inflation rate,monthly percent change,monthly,2023-12-01,0.56,Banco Central do Brasil - SGS,2026-08-24T21:53:02.473616+00:00
ipca,IPCA inflation rate,monthly percent change,monthly,2024-01-01,0.42,Banco Central do Brasil - SGS,2026-08-24T21:53:02.473616+00:00
ipca,IPCA inflation rate,monthly percent change,monthly,2024-02-01,0.83,Banco Central do Brasil - SGS,2026-08-24T21:53:02.473616+00:00
ipca,IPCA inflation rate,monthly percent change,monthly,2024-03-01,0.16,Banco Central do Brasil - SGS,2026-08-24T21:53:02.473616+00:00
ipca,IPCA inflation rate,monthly percent change,monthly,2024-04-01,0.38,Banco Central do Brasil - SGS,2026-08-24T21:53:02.473616+00:00
ipca,IPCA inflation rate,monthly percent change,monthly,2024-05-01,0.46,Banco Central do Brasil - SGS,2026-08-24T21:53:02.473616+00:00
ipca,IPCA inflation rate,monthly percent change,monthly,2024-06-01,0.21,Banco Central do Brasil - SGS,2026-08-24T21:53:02.473616+00:00
ipca,IPCA inflation rate,monthly percent change,monthly,2024-07-01,0.38,Banco Central do Brasil - SGS,2026-08-24T21:53:02.473616+00:00
ipca,IPCA inflation rate,monthly percent change,monthly,2024-08-01,-0.02,Banco Central do Brasil - SGS,2026-08-24T21:53:02.473616+00:00
ipca,IPCA inflation rate,monthly percent change,monthly,2024-09-01,0.44,Banco Central do Brasil - SGS,2026-08-24T21:53:02.473616+00:00
ipca,IPCA inflation rate,monthly percent change,monthly,2024-10-01,0.56,Banco Central do Brasil - SGS,2026-08-24T21:53:02.473616+00:00
ipca,IPCA inflation rate,monthly percent change,monthly,2024-11-01,0.39,Banco Central do Brasil - SGS,2026-08-24T21:53:02.473616+00:00
ipca,IPCA inflation rate,monthly percent change,monthly,2024-12-01,0.52,Banco Central do Brasil - SGS,2026-08-24T21:53:02.473616+00:00
ipca,IPCA inflation rate,monthly percent change,monthly,2025-01-01,0.16,Banco Central do Brasil - SGS,2026-08-24T21:53:02.473616+00:00
ipca,IPCA inflation rate,monthly percent change,monthly,2025-02-01,1.31,Banco Central do Brasil - SGS,2026-08-24T21:53:02.473616+00:00
ipca,IPCA inflation rate,monthly percent change,monthly,2025-03-01,0.56,Banco Central do Brasil - SGS,2026-08-24T21:53:02.473616+00:00
ipca,IPCA inflation rate,monthly percent change,monthly,2025-04-01,0.43,Banco Central do Brasil - SGS,2026-08-24T21:53:02.473616+00:00
ipca,IPCA inflation rate,monthly percent change,monthly,2025-05-01,0.26,Banco Central do Brasil - SGS,2026-08-24T21:53:02.473616+00:00
ipca,IPCA inflation rate,monthly percent change,monthly,2025-06-01,0.24,Banco Central do Brasil - SGS,2026-08-24T21:53:02.473616+00:00
ipca,IPCA inflation rate,monthly percent change,monthly,2025-07-01,0.26,Banco Central do Brasil - SGS,2026-08-24T21:53:02.473616+00:00
ipca,IPCA inflation rate,monthly percent change,monthly,2025-08-01,-0.11,Banco Central do Brasil - SGS,2026-08-24T21:53:02.473616+00:00
ipca,IPCA inflation rate,monthly percent change,monthly,2025-09-01,0.48,Banco Central do Brasil - SGS,2026-08-24T21:53:02.473616+00:00
ipca,IPCA inflation rate,monthly percent change,monthly,2025-10-01,0.09,Banco Central do Brasil - SGS,2026-08-24T21:53:02.473616+00:00
ipca,IPCA inflation rate,monthly percent change,monthly,2025-11-01,0.18,Banco Central do Brasil - SGS,2026-08-24T21:53:02.473616+00:00
ipca,IPCA inflation rate,monthly percent change,monthly,2025-12-01,0.33,Banco Central do Brasil - SGS,2026-08-24T21:53:02.473616+00:00
ipca,IPCA inflation rate,monthly percent change,monthly,2026-01-01,0.33,Banco Central do Brasil - SGS,2026-08-24T21:53:02.473616+00:00
ipca,IPCA inflation rate,monthly percent change,monthly,2026-02-01,0.7,Banco Central do Brasil - SGS,2026-08-24T21:53:02.473616+00:00
ipca,IPCA inflation rate,monthly percent change,monthly,2026-03-01,0.88,Banco Central do Brasil - SGS,2026-08-24T21:53:02.473616+00:00
ipca,IPCA inflation rate,monthly percent change,monthly,2026-04-01,0.67,Banco Central do Brasil - SGS,2026-08-24T21:53:02.473616+00:00
ipca,IPCA inflation rate,monthly percent change,monthly,2026-05-01,0.58,Banco Central do Brasil - SGS,2026-08-24T21:53:02.473616+00:00
ipca,IPCA inflation rate,monthly percent change,monthly,2026-06-01,0.16,Banco Central do Brasil - SGS,2026-08-24T21:53:02.473616+00:00
ipca,IPCA inflation rate,monthly percent change,monthly,2026-07-01,0.07,Banco Central do Brasil - SGS,2026-08-24T21:53:02.473616+00:00
selic_monthly,Accumulated Selic rate in the month,percent per month,monthly,2021-08-01,0.43,Banco Central do Brasil - SGS,2026-08-24T21:53:02.473616+00:00
selic_monthly,Accumulated Selic rate in the month,percent per month,monthly,2021-09-01,0.44,Banco Central do Brasil - SGS,2026-08-24T21:53:02.473616+00:00
selic_monthly,Accumulated Selic rate in the month,percent per month,monthly,2021-10-01,0.49,Banco Central do Brasil - SGS,2026-08-24T21:53:02.473616+00:00
selic_monthly,Accumulated Selic rate in the month,percent per month,monthly,2021-11-01,0.59,Banco Central do Brasil - SGS,2026-08-24T21:53:02.473616+00:00
selic_monthly,Accumulated Selic rate in the month,percent per month,monthly,2021-12-01,0.77,Banco Central do Brasil - SGS,2026-08-24T21:53:02.473616+00:00
selic_monthly,Accumulated Selic rate in the month,percent per month,monthly,2022-01-01,0.73,Banco Central do Brasil - SGS,2026-08-24T21:53:02.473616+00:00
selic_monthly,Accumulated Selic rate in the month,percent per month,monthly,2022-02-01,0.76,Banco Central do Brasil - SGS,2026-08-24T21:53:02.473616+00:00
selic_monthly,Accumulated Selic rate in the month,percent per month,monthly,2022-03-01,0.93,Banco Central do Brasil - SGS,2026-08-24T21:53:02.473616+00:00
selic_monthly,Accumulated Selic rate in the month,percent per month,monthly,2022-04-01,0.83,Banco Central do Brasil - SGS,2026-08-24T21:53:02.473616+00:00
selic_monthly,Accumulated Selic rate in the month,percent per month,monthly,2022-05-01,1.03,Banco Central do Brasil - SGS,2026-08-24T21:53:02.473616+00:00
selic_monthly,Accumulated Selic rate in the month,percent per month,monthly,2022-06-01,1.02,Banco Central do Brasil - SGS,2026-08-24T21:53:02.473616+00:00
selic_monthly,Accumulated Selic rate in the month,percent per month,monthly,2022-07-01,1.03,Banco Central do Brasil - SGS,2026-08-24T21:53:02.473616+00:00
selic_monthly,Accumulated Selic rate in the month,percent per month,monthly,2022-08-01,1.17,Banco Central do Brasil - SGS,2026-08-24T21:53:02.473616+00:00
selic_monthly,Accumulated Selic rate in the month,percent per month,monthly,2022-09-01,1.07,Banco Central do Brasil - SGS,2026-08-24T21:53:02.473616+00:00
selic_monthly,Accumulated Selic rate in the month,percent per month,monthly,2022-10-01,1.02,Banco Central do Brasil - SGS,2026-08-24T21:53:02.473616+00:00
selic_monthly,Accumulated Selic rate in the month,percent per month,monthly,2022-11-01,1.02,Banco Central do Brasil - SGS,2026-08-24T21:53:02.473616+00:00
selic_monthly,Accumulated Selic rate in the month,percent per month,monthly,2022-12-01,1.12,Banco Central do Brasil - SGS,2026-08-24T21:53:02.473616+00:00
selic_monthly,Accumulated Selic rate in the month,percent per month,monthly,2023-01-01,1.12,Banco Central do Brasil - SGS,2026-08-24T21:53:02.473616+00:00
selic_monthly,Accumulated Selic rate in the month,percent per month,monthly,2023-02-01,0.92,Banco Central do Brasil - SGS,2026-08-24T21:53:02.473616+00:00
selic_monthly,Accumulated Selic rate in the month,percent per month,monthly,2023-03-01,1.17,Banco Central do Brasil - SGS,2026-08-24T21:53:02.473616+00:00
selic_monthly,Accumulated Selic rate in the month,percent per month,monthly,2023-04-01,0.92,Banco Central do Brasil - SGS,2026-08-24T21:53:02.473616+00:00
selic_monthly,Accumulated Selic rate in the month,percent per month,monthly,2023-05-01,1.12,Banco Central do Brasil - SGS,2026-08-24T21:53:02.473616+00:00
selic_monthly,Accumulated Selic rate in the month,percent per month,monthly,2023-06-01,1.07,Banco Central do Brasil - SGS,2026-08-24T21:53:02.473616+00:00
selic_monthly,Accumulated Selic rate in the month,percent per month,monthly,2023-07-01,1.07,Banco Central do Brasil - SGS,2026-08-24T21:53:02.473616+00:00
selic_monthly,Accumulated Selic rate in the month,percent per month,monthly,2023-08-01,1.14,Banco Central do Brasil - SGS,2026-08-24T21:53:02.473616+00:00
selic_monthly,Accumulated Selic rate in the month,percent per month,monthly,2023-09-01,0.97,Banco Central do Brasil - SGS,2026-08-24T21:53:02.473616+00:00
selic_monthly,Accumulated Selic rate in the month,percent per month,monthly,2023-10-01,1.0,Banco Central do Brasil - SGS,2026-08-24T21:53:02.473616+00:00
selic_monthly,Accumulated Selic rate in the month,percent per month,monthly,2023-11-01,0.92,Banco Central do Brasil - SGS,2026-08-24T21:53:02.473616+00:00
selic_monthly,Accumulated Selic rate in the month,percent per month,monthly,2023-12-01,0.89,Banco Central do Brasil - SGS,2026-08-24T21:53:02.473616+00:00
selic_monthly,Accumulated Selic rate in the month,percent per month,monthly,2024-01-01,0.97,Banco Central do Brasil - SGS,2026-08-24T21:53:02.473616+00:00
selic_monthly,Accumulated Selic rate in the month,percent per month,monthly,2024-02-01,0.8,Banco Central do Brasil - SGS,2026-08-24T21:53:02.473616+00:00
selic_monthly,Accumulated Selic rate in the month,percent per month,monthly,2024-03-01,0.83,Banco Central do Brasil - SGS,2026-08-24T21:53:02.473616+00:00
selic_monthly,Accumulated Selic rate in the month,percent per month,monthly,2024-04-01,0.89,Banco Central do Brasil - SGS,2026-08-24T21:53:02.473616+00:00
selic_monthly,Accumulated Selic rate in the month,percent per month,monthly,2024-05-01,0.83,Banco Central do Brasil - SGS,2026-08-24T21:53:02.473616+00:00
selic_monthly,Accumulated Selic rate in the month,percent per month,monthly,2024-06-01,0.79,Banco Central do Brasil - SGS,2026-08-24T21:53:02.473616+00:00
selic_monthly,Accumulated Selic rate in the month,percent per month,monthly,2024-07-01,0.91,Banco Central do Brasil - SGS,2026-08-24T21:53:02.473616+00:00
selic_monthly,Accumulated Selic rate in the month,percent per month,monthly,2024-08-01,0.87,Banco Central do Brasil - SGS,2026-08-24T21:53:02.473616+00:00
selic_monthly,Accumulated Selic rate in the month,percent per month,monthly,2024-09-01,0.84,Banco Central do Brasil - SGS,2026-08-24T21:53:02.473616+00:00
selic_monthly,Accumulated Selic rate in the month,percent per month,monthly,2024-10-01,0.93,Banco Central do Brasil - SGS,2026-08-24T21:53:02.473616+00:00
selic_monthly,Accumulated Selic rate in the month,percent per month,monthly,2024-11-01,0.79,Banco Central do Brasil - SGS,2026-08-24T21:53:02.473616+00:00
selic_monthly,Accumulated Selic rate in the month,percent per month,monthly,2024-12-01,0.93,Banco Central do Brasil - SGS,2026-08-24T21:53:02.473616+00:00
selic_monthly,Accumulated Selic rate in the month,percent per month,monthly,2025-01-01,1.01,Banco Central do Brasil - SGS,2026-08-24T21:53:02.473616+00:00
selic_monthly,Accumulated Selic rate in the month,percent per month,monthly,2025-02-01,0.99,Banco Central do Brasil - SGS,2026-08-24T21:53:02.473616+00:00
selic_monthly,Accumulated Selic rate in the month,percent per month,monthly,2025-03-01,0.96,Banco Central do Brasil - SGS,2026-08-24T21:53:02.473616+00:00
selic_monthly,Accumulated Selic rate in the month,percent per month,monthly,2025-04-01,1.06,Banco Central do Brasil - SGS,2026-08-24T21:53:02.473616+00:00
selic_monthly,Accumulated Selic rate in the month,percent per month,monthly,2025-05-01,1.14,Banco Central do Brasil - SGS,2026-08-24T21:53:02.473616+00:00
selic_monthly,Accumulated Selic rate in the month,percent per month,monthly,2025-06-01,1.1,Banco Central do Brasil - SGS,2026-08-24T21:53:02.473616+00:00
selic_monthly,Accumulated Selic rate in the month,percent per month,monthly,2025-07-01,1.28,Banco Central do Brasil - SGS,2026-08-24T21:53:02.473616+00:00
selic_monthly,Accumulated Selic rate in the month,percent per month,monthly,2025-08-01,1.16,Banco Central do Brasil - SGS,2026-08-24T21:53:02.473616+00:00
selic_monthly,Accumulated Selic rate in the month,percent per month,monthly,2025-09-01,1.22,Banco Central do Brasil - SGS,2026-08-24T21:53:02.473616+00:00
selic_monthly,Accumulated Selic rate in the month,percent per month,monthly,2025-10-01,1.28,Banco Central do Brasil - SGS,2026-08-24T21:53:02.473616+00:00
selic_monthly,Accumulated Selic rate in the month,percent per month,monthly,2025-11-01,1.05,Banco Central do Brasil - SGS,2026-08-24T21:53:02.473616+00:00
selic_monthly,Accumulated Selic rate in the month,percent per month,monthly,2025-12-01,1.22,Banco Central do Brasil - SGS,2026-08-24T21:53:02.473616+00:00
selic_monthly,Accumulated Selic rate in the month,percent per month,monthly,2026-01-01,1.16,Banco Central do Brasil - SGS,2026-08-24T21:53:02.473616+00:00
selic_monthly,Accumulated Selic rate in the month,percent per month,monthly,2026-02-01,1.0,Banco Central do Brasil - SGS,2026-08-24T21:53:02.473616+00:00
selic_monthly,Accumulated Selic rate in the month,percent per month,monthly,2026-03-01,1.21,Banco Central do Brasil - SGS,2026-08-24T21:53:02.473616+00:00
selic_monthly,Accumulated Selic rate in the month,percent per month,monthly,2026-04-01,1.09,Banco Central do Brasil - SGS,2026-08-24T21:53:02.473616+00:00
selic_monthly,Accumulated Selic rate in the month,percent per month,monthly,2026-05-01,1.07,Banco Central do Brasil - SGS,2026-08-24T21:53:02.473616+00:00
selic_monthly,Accumulated Selic rate in the month,percent per month,monthly,2026-06-01,1.12,Banco Central do Brasil - SGS,2026-08-24T21:53:02.473616+00:00
selic_monthly,Accumulated Selic rate in the month,percent per month,monthly,2026-07-01,1.22,Banco Central do Brasil - SGS,2026-08-24T21:53:02.473616+00:00
selic_monthly,Accumulated Selic rate in the month,percent per month,monthly,2026-08-01,0.83,Banco Central do Brasil - SGS,2026-08-24T21:53:02.473616+00:00
usd_brl,USD/BRL sell exchange rate,BRL per USD,daily,2025-07-21,5.5625,Banco Central do Brasil - SGS,2026-08-24T21:53:02.473616+00:00
usd_brl,USD/BRL sell exchange rate,BRL per USD,daily,2025-07-22,5.5709,Banco Central do Brasil - SGS,2026-08-24T21:53:02.473616+00:00
usd_brl,USD/BRL sell exchange rate,BRL per USD,daily,2025-07-23,5.5537,Banco Central do Brasil - SGS,2026-08-24T21:53:02.473616+00:00
usd_brl,USD/BRL sell exchange rate,BRL per USD,daily,2025-07-24,5.5239,Banco Central do Brasil - SGS,2026-08-24T21:53:02.473616+00:00
usd_brl,USD/BRL sell exchange rate,BRL per USD,daily,2025-07-25,5.5426,Banco Central do Brasil - SGS,2026-08-24T21:53:02.473616+00:00
usd_brl,USD/BRL sell exchange rate,BRL per USD,daily,2025-07-28,5.5877,Banco Central do Brasil - SGS,2026-08-24T21:53:02.473616+00:00
usd_brl,USD/BRL sell exchange rate,BRL per USD,daily,2025-07-29,5.5764,Banco Central do Brasil - SGS,2026-08-24T21:53:02.473616+00:00
usd_brl,USD/BRL sell exchange rate,BRL per USD,daily,2025-07-30,5.6034,Banco Central do Brasil - SGS,2026-08-24T21:53:02.473616+00:00
usd_brl,USD/BRL sell exchange rate,BRL per USD,daily,2025-07-31,5.6021,Banco Central do Brasil - SGS,2026-08-24T21:53:02.473616+00:00
usd_brl,USD/BRL sell exchange rate,BRL per USD,daily,2025-08-01,5.5436,Banco Central do Brasil - SGS,2026-08-24T21:53:02.473616+00:00
usd_brl,USD/BRL sell exchange rate,BRL per USD,daily,2025-08-04,5.5113,Banco Central do Brasil - SGS,2026-08-24T21:53:02.473616+00:00
usd_brl,USD/BRL sell exchange rate,BRL per USD,daily,2025-08-05,5.5119,Banco Central do Brasil - SGS,2026-08-24T21:53:02.473616+00:00
usd_brl,USD/BRL sell exchange rate,BRL per USD,daily,2025-08-06,5.4802,Banco Central do Brasil - SGS,2026-08-24T21:53:02.473616+00:00
usd_brl,USD/BRL sell exchange rate,BRL per USD,daily,2025-08-07,5.4638,Banco Central do Brasil - SGS,2026-08-24T21:53:02.473616+00:00
usd_brl,USD/BRL sell exchange rate,BRL per USD,daily,2025-08-08,5.4254,Banco Central do Brasil - SGS,2026-08-24T21:53:02.473616+00:00
usd_brl,USD/BRL sell exchange rate,BRL per USD,daily,2025-08-11,5.4473,Banco Central do Brasil - SGS,2026-08-24T21:53:02.473616+00:00
usd_brl,USD/BRL sell exchange rate,BRL per USD,daily,2025-08-12,5.4052,Banco Central do Brasil - SGS,2026-08-24T21:53:02.473616+00:00
usd_brl,USD/BRL sell exchange rate,BRL per USD,daily,2025-08-13,5.3928,Banco Central do Brasil - SGS,2026-08-24T21:53:02.473616+00:00
usd_brl,USD/BRL sell exchange rate,BRL per USD,daily,2025-08-14,5.4095,Banco Central do Brasil - SGS,2026-08-24T21:53:02.473616+00:00
usd_brl,USD/BRL sell exchange rate,BRL per USD,daily,2025-08-15,5.3928,Banco Central do Brasil - SGS,2026-08-24T21:53:02.473616+00:00
usd_brl,USD/BRL sell exchange rate,BRL per USD,daily,2025-08-18,5.4155,Banco Central do Brasil - SGS,2026-08-24T21:53:02.473616+00:00
usd_brl,USD/BRL sell exchange rate,BRL per USD,daily,2025-08-19,5.4716,Banco Central do Brasil - SGS,2026-08-24T21:53:02.473616+00:00
usd_brl,USD/BRL sell exchange rate,BRL per USD,daily,2025-08-20,5.4726,Banco Central do Brasil - SGS,2026-08-24T21:53:02.473616+00:00
usd_brl,USD/BRL sell exchange rate,BRL per USD,daily,2025-08-21,5.4828,Banco Central do Brasil - SGS,2026-08-24T21:53:02.473616+00:00
usd_brl,USD/BRL sell exchange rate,BRL per USD,daily,2025-08-22,5.4392,Banco Central do Brasil - SGS,2026-08-24T21:53:02.473616+00:00
usd_brl,USD/BRL sell exchange rate,BRL per USD,daily,2025-08-25,5.4174,Banco Central do Brasil - SGS,2026-08-24T21:53:02.473616+00:00
usd_brl,USD/BRL sell exchange rate,BRL per USD,daily,2025-08-26,5.4218,Banco Central do Brasil - SGS,2026-08-24T21:53:02.473616+00:00
usd_brl,USD/BRL sell exchange rate,BRL per USD,daily,2025-08-27,5.4428,Banco Central do Brasil - SGS,2026-08-24T21:53:02.473616+00:00
usd_brl,USD/BRL sell exchange rate,BRL per USD,daily,2025-08-28,5.4115,Banco Central do Brasil - SGS,2026-08-24T21:53:02.473616+00:00
usd_brl,USD/BRL sell exchange rate,BRL per USD,daily,2025-08-29,5.4264,Banco Central do Brasil - SGS,2026-08-24T21:53:02.473616+00:00
usd_brl,USD/BRL sell exchange rate,BRL per USD,daily,2025-09-01,5.4378,Banco Central do Brasil - SGS,2026-08-24T21:53:02.473616+00:00
usd_brl,USD/BRL sell exchange rate,BRL per USD,daily,2025-09-02,5.468,Banco Central do Brasil - SGS,2026-08-24T21:53:02.473616+00:00
usd_brl,USD/BRL sell exchange rate,BRL per USD,daily,2025-09-03,5.4485,Banco Central do Brasil - SGS,2026-08-24T21:53:02.473616+00:00
usd_brl,USD/BRL sell exchange rate,BRL per USD,daily,2025-09-04,5.4587,Banco Central do Brasil - SGS,2026-08-24T21:53:02.473616+00:00
usd_brl,USD/BRL sell exchange rate,BRL per USD,daily,2025-09-05,5.3968,Banco Central do Brasil - SGS,2026-08-24T21:53:02.473616+00:00
usd_brl,USD/BRL sell exchange rate,BRL per USD,daily,2025-09-08,5.4278,Banco Central do Brasil - SGS,2026-08-24T21:53:02.473616+00:00
usd_brl,USD/BRL sell exchange rate,BRL per USD,daily,2025-09-09,5.4278,Banco Central do Brasil - SGS,2026-08-24T21:53:02.473616+00:00
usd_brl,USD/BRL sell exchange rate,BRL per USD,daily,2025-09-10,5.4123,Banco Central do Brasil - SGS,2026-08-24T21:53:02.473616+00:00
usd_brl,USD/BRL sell exchange rate,BRL per USD,daily,2025-09-11,5.3858,Banco Central do Brasil - SGS,2026-08-24T21:53:02.473616+00:00
usd_brl,USD/BRL sell exchange rate,BRL per USD,daily,2025-09-12,5.3677,Banco Central do Brasil - SGS,2026-08-24T21:53:02.473616+00:00
usd_brl,USD/BRL sell exchange rate,BRL per USD,daily,2025-09-15,5.3208,Banco Central do Brasil - SGS,2026-08-24T21:53:02.473616+00:00
usd_brl,USD/BRL sell exchange rate,BRL per USD,daily,2025-09-16,5.3096,Banco Central do Brasil - SGS,2026-08-24T21:53:02.473616+00:00
usd_brl,USD/BRL sell exchange rate,BRL per USD,daily,2025-09-17,5.3011,Banco Central do Brasil - SGS,2026-08-24T21:53:02.473616+00:00
usd_brl,USD/BRL sell exchange rate,BRL per USD,daily,2025-09-18,5.301,Banco Central do Brasil - SGS,2026-08-24T21:53:02.473616+00:00
usd_brl,USD/BRL sell exchange rate,BRL per USD,daily,2025-09-19,5.3276,Banco Central do Brasil - SGS,2026-08-24T21:53:02.473616+00:00
usd_brl,USD/BRL sell exchange rate,BRL per USD,daily,2025-09-22,5.3457,Banco Central do Brasil - SGS,2026-08-24T21:53:02.473616+00:00
usd_brl,USD/BRL sell exchange rate,BRL per USD,daily,2025-09-23,5.3063,Banco Central do Brasil - SGS,2026-08-24T21:53:02.473616+00:00
usd_brl,USD/BRL sell exchange rate,BRL per USD,daily,2025-09-24,5.3112,Banco Central do Brasil - SGS,2026-08-24T21:53:02.473616+00:00
usd_brl,USD/BRL sell exchange rate,BRL per USD,daily,2025-09-25,5.3425,Banco Central do Brasil - SGS,2026-08-24T21:53:02.473616+00:00
usd_brl,USD/BRL sell exchange rate,BRL per USD,daily,2025-09-26,5.3445,Banco Central do Brasil - SGS,2026-08-24T21:53:02.473616+00:00
usd_brl,USD/BRL sell exchange rate,BRL per USD,daily,2025-09-29,5.3229,Banco Central do Brasil - SGS,2026-08-24T21:53:02.473616+00:00
usd_brl,USD/BRL sell exchange rate,BRL per USD,daily,2025-09-30,5.3186,Banco Central do Brasil - SGS,2026-08-24T21:53:02.473616+00:00
usd_brl,USD/BRL sell exchange rate,BRL per USD,daily,2025-10-01,5.3208,Banco Central do Brasil - SGS,2026-08-24T21:53:02.473616+00:00
usd_brl,USD/BRL sell exchange rate,BRL per USD,daily,2025-10-02,5.3449,Banco Central do Brasil - SGS,2026-08-24T21:53:02.473616+00:00
usd_brl,USD/BRL sell exchange rate,BRL per USD,daily,2025-10-03,5.3498,Banco Central do Brasil - SGS,2026-08-24T21:53:02.473616+00:00
usd_brl,USD/BRL sell exchange rate,BRL per USD,daily,2025-10-06,5.3226,Banco Central do Brasil - SGS,2026-08-24T21:53:02.473616+00:00
usd_brl,USD/BRL sell exchange rate,BRL per USD,daily,2025-10-07,5.3363,Banco Central do Brasil - SGS,2026-08-24T21:53:02.473616+00:00
usd_brl,USD/BRL sell exchange rate,BRL per USD,daily,2025-10-08,5.3427,Banco Central do Brasil - SGS,2026-08-24T21:53:02.473616+00:00
usd_brl,USD/BRL sell exchange rate,BRL per USD,daily,2025-10-09,5.3538,Banco Central do Brasil - SGS,2026-08-24T21:53:02.473616+00:00
usd_brl,USD/BRL sell exchange rate,BRL per USD,daily,2025-10-10,5.4446,Banco Central do Brasil - SGS,2026-08-24T21:53:02.473616+00:00
usd_brl,USD/BRL sell exchange rate,BRL per USD,daily,2025-10-13,5.4629,Banco Central do Brasil - SGS,2026-08-24T21:53:02.473616+00:00
usd_brl,USD/BRL sell exchange rate,BRL per USD,daily,2025-10-14,5.4982,Banco Central do Brasil - SGS,2026-08-24T21:53:02.473616+00:00
usd_brl,USD/BRL sell exchange rate,BRL per USD,daily,2025-10-15,5.4464,Banco Central do Brasil - SGS,2026-08-24T21:53:02.473616+00:00
usd_brl,USD/BRL sell exchange rate,BRL per USD,daily,2025-10-16,5.4354,Banco Central do Brasil - SGS,2026-08-24T21:53:02.473616+00:00
usd_brl,USD/BRL sell exchange rate,BRL per USD,daily,2025-10-17,5.439,Banco Central do Brasil - SGS,2026-08-24T21:53:02.473616+00:00
usd_brl,USD/BRL sell exchange rate,BRL per USD,daily,2025-10-20,5.3771,Banco Central do Brasil - SGS,2026-08-24T21:53:02.473616+00:00
usd_brl,USD/BRL sell exchange rate,BRL per USD,daily,2025-10-21,5.3848,Banco Central do Brasil - SGS,2026-08-24T21:53:02.473616+00:00
usd_brl,USD/BRL sell exchange rate,BRL per USD,daily,2025-10-22,5.3898,Banco Central do Brasil - SGS,2026-08-24T21:53:02.473616+00:00
usd_brl,USD/BRL sell exchange rate,BRL per USD,daily,2025-10-23,5.384,Banco Central do Brasil - SGS,2026-08-24T21:53:02.473616+00:00
usd_brl,USD/BRL sell exchange rate,BRL per USD,daily,2025-10-24,5.3797,Banco Central do Brasil - SGS,2026-08-24T21:53:02.473616+00:00
usd_brl,USD/BRL sell exchange rate,BRL per USD,daily,2025-10-27,5.3744,Banco Central do Brasil - SGS,2026-08-24T21:53:02.473616+00:00
usd_brl,USD/BRL sell exchange rate,BRL per USD,daily,2025-10-28,5.369,Banco Central do Brasil - SGS,2026-08-24T21:53:02.473616+00:00
usd_brl,USD/BRL sell exchange rate,BRL per USD,daily,2025-10-29,5.3416,Banco Central do Brasil - SGS,2026-08-24T21:53:02.473616+00:00
usd_brl,USD/BRL sell exchange rate,BRL per USD,daily,2025-10-30,5.385,Banco Central do Brasil - SGS,2026-08-24T21:53:02.473616+00:00
usd_brl,USD/BRL sell exchange rate,BRL per USD,daily,2025-10-31,5.3843,Banco Central do Brasil - SGS,2026-08-24T21:53:02.473616+00:00
usd_brl,USD/BRL sell exchange rate,BRL per USD,daily,2025-11-03,5.3505,Banco Central do Brasil - SGS,2026-08-24T21:53:02.473616+00:00
usd_brl,USD/BRL sell exchange rate,BRL per USD,daily,2025-11-04,5.3846,Banco Central do Brasil - SGS,2026-08-24T21:53:02.473616+00:00
usd_brl,USD/BRL sell exchange rate,BRL per USD,daily,2025-11-05,5.3798,Banco Central do Brasil - SGS,2026-08-24T21:53:02.473616+00:00
usd_brl,USD/BRL sell exchange rate,BRL per USD,daily,2025-11-06,5.3451,Banco Central do Brasil - SGS,2026-08-24T21:53:02.473616+00:00
usd_brl,USD/BRL sell exchange rate,BRL per USD,daily,2025-11-07,5.3567,Banco Central do Brasil - SGS,2026-08-24T21:53:02.473616+00:00
usd_brl,USD/BRL sell exchange rate,BRL per USD,daily,2025-11-10,5.3181,Banco Central do Brasil - SGS,2026-08-24T21:53:02.473616+00:00
usd_brl,USD/BRL sell exchange rate,BRL per USD,daily,2025-11-11,5.2729,Banco Central do Brasil - SGS,2026-08-24T21:53:02.473616+00:00
usd_brl,USD/BRL sell exchange rate,BRL per USD,daily,2025-11-12,5.2885,Banco Central do Brasil - SGS,2026-08-24T21:53:02.473616+00:00
usd_brl,USD/BRL sell exchange rate,BRL per USD,daily,2025-11-13,5.282,Banco Central do Brasil - SGS,2026-08-24T21:53:02.473616+00:00
usd_brl,USD/BRL sell exchange rate,BRL per USD,daily,2025-11-14,5.2952,Banco Central do Brasil - SGS,2026-08-24T21:53:02.473616+00:00
usd_brl,USD/BRL sell exchange rate,BRL per USD,daily,2025-11-17,5.3108,Banco Central do Brasil - SGS,2026-08-24T21:53:02.473616+00:00
usd_brl,USD/BRL sell exchange rate,BRL per USD,daily,2025-11-18,5.3361,Banco Central do Brasil - SGS,2026-08-24T21:53:02.473616+00:00
usd_brl,USD/BRL sell exchange rate,BRL per USD,daily,2025-11-19,5.3346,Banco Central do Brasil - SGS,2026-08-24T21:53:02.473616+00:00
usd_brl,USD/BRL sell exchange rate,BRL per USD,daily,2025-11-21,5.3902,Banco Central do Brasil - SGS,2026-08-24T21:53:02.473616+00:00
usd_brl,USD/BRL sell exchange rate,BRL per USD,daily,2025-11-24,5.3948,Banco Central do Brasil - SGS,2026-08-24T21:53:02.473616+00:00
usd_brl,USD/BRL sell exchange rate,BRL per USD,daily,2025-11-25,5.3841,Banco Central do Brasil - SGS,2026-08-24T21:53:02.473616+00:00
usd_brl,USD/BRL sell exchange rate,BRL per USD,daily,2025-11-26,5.3694,Banco Central do Brasil - SGS,2026-08-24T21:53:02.473616+00:00
usd_brl,USD/BRL sell exchange rate,BRL per USD,daily,2025-11-27,5.349,Banco Central do Brasil - SGS,2026-08-24T21:53:02.473616+00:00
usd_brl,USD/BRL sell exchange rate,BRL per USD,daily,2025-11-28,5.3338,Banco Central do Brasil - SGS,2026-08-24T21:53:02.473616+00:00
usd_brl,USD/BRL sell exchange rate,BRL per USD,daily,2025-12-01,5.3469,Banco Central do Brasil - SGS,2026-08-24T21:53:02.473616+00:00
usd_brl,USD/BRL sell exchange rate,BRL per USD,daily,2025-12-02,5.3465,Banco Central do Brasil - SGS,2026-08-24T21:53:02.473616+00:00
usd_brl,USD/BRL sell exchange rate,BRL per USD,daily,2025-12-03,5.3114,Banco Central do Brasil - SGS,2026-08-24T21:53:02.473616+00:00
usd_brl,USD/BRL sell exchange rate,BRL per USD,daily,2025-12-04,5.2952,Banco Central do Brasil - SGS,2026-08-24T21:53:02.473616+00:00
usd_brl,USD/BRL sell exchange rate,BRL per USD,daily,2025-12-05,5.3405,Banco Central do Brasil - SGS,2026-08-24T21:53:02.473616+00:00
usd_brl,USD/BRL sell exchange rate,BRL per USD,daily,2025-12-08,5.4249,Banco Central do Brasil - SGS,2026-08-24T21:53:02.473616+00:00
usd_brl,USD/BRL sell exchange rate,BRL per USD,daily,2025-12-09,5.457,Banco Central do Brasil - SGS,2026-08-24T21:53:02.473616+00:00
usd_brl,USD/BRL sell exchange rate,BRL per USD,daily,2025-12-10,5.4656,Banco Central do Brasil - SGS,2026-08-24T21:53:02.473616+00:00
usd_brl,USD/BRL sell exchange rate,BRL per USD,daily,2025-12-11,5.4237,Banco Central do Brasil - SGS,2026-08-24T21:53:02.473616+00:00
usd_brl,USD/BRL sell exchange rate,BRL per USD,daily,2025-12-12,5.4011,Banco Central do Brasil - SGS,2026-08-24T21:53:02.473616+00:00
usd_brl,USD/BRL sell exchange rate,BRL per USD,daily,2025-12-15,5.3929,Banco Central do Brasil - SGS,2026-08-24T21:53:02.473616+00:00
usd_brl,USD/BRL sell exchange rate,BRL per USD,daily,2025-12-16,5.4505,Banco Central do Brasil - SGS,2026-08-24T21:53:02.473616+00:00
usd_brl,USD/BRL sell exchange rate,BRL per USD,daily,2025-12-17,5.5093,Banco Central do Brasil - SGS,2026-08-24T21:53:02.473616+00:00
usd_brl,USD/BRL sell exchange rate,BRL per USD,daily,2025-12-18,5.5283,Banco Central do Brasil - SGS,2026-08-24T21:53:02.473616+00:00
usd_brl,USD/BRL sell exchange rate,BRL per USD,daily,2025-12-19,5.516,Banco Central do Brasil - SGS,2026-08-24T21:53:02.473616+00:00
usd_brl,USD/BRL sell exchange rate,BRL per USD,daily,2025-12-22,5.5389,Banco Central do Brasil - SGS,2026-08-24T21:53:02.473616+00:00
usd_brl,USD/BRL sell exchange rate,BRL per USD,daily,2025-12-23,5.5643,Banco Central do Brasil - SGS,2026-08-24T21:53:02.473616+00:00
usd_brl,USD/BRL sell exchange rate,BRL per USD,daily,2025-12-24,5.535,Banco Central do Brasil - SGS,2026-08-24T21:53:02.473616+00:00
usd_brl,USD/BRL sell exchange rate,BRL per USD,daily,2025-12-26,5.5413,Banco Central do Brasil - SGS,2026-08-24T21:53:02.473616+00:00
usd_brl,USD/BRL sell exchange rate,BRL per USD,daily,2025-12-29,5.5739,Banco Central do Brasil - SGS,2026-08-24T21:53:02.473616+00:00
usd_brl,USD/BRL sell exchange rate,BRL per USD,daily,2025-12-30,5.5024,Banco Central do Brasil - SGS,2026-08-24T21:53:02.473616+00:00
usd_brl,USD/BRL sell exchange rate,BRL per USD,daily,2025-12-31,5.5024,Banco Central do Brasil - SGS,2026-08-24T21:53:02.473616+00:00
usd_brl,USD/BRL sell exchange rate,BRL per USD,daily,2026-01-02,5.4372,Banco Central do Brasil - SGS,2026-08-24T21:53:02.473616+00:00
usd_brl,USD/BRL sell exchange rate,BRL per USD,daily,2026-01-05,5.4351,Banco Central do Brasil - SGS,2026-08-24T21:53:02.473616+00:00
usd_brl,USD/BRL sell exchange rate,BRL per USD,daily,2026-01-06,5.3797,Banco Central do Brasil - SGS,2026-08-24T21:53:02.473616+00:00
usd_brl,USD/BRL sell exchange rate,BRL per USD,daily,2026-01-07,5.388,Banco Central do Brasil - SGS,2026-08-24T21:53:02.473616+00:00
usd_brl,USD/BRL sell exchange rate,BRL per USD,daily,2026-01-08,5.386,Banco Central do Brasil - SGS,2026-08-24T21:53:02.473616+00:00
usd_brl,USD/BRL sell exchange rate,BRL per USD,daily,2026-01-09,5.3707,Banco Central do Brasil - SGS,2026-08-24T21:53:02.473616+00:00
usd_brl,USD/BRL sell exchange rate,BRL per USD,daily,2026-01-12,5.376,Banco Central do Brasil - SGS,2026-08-24T21:53:02.473616+00:00
usd_brl,USD/BRL sell exchange rate,BRL per USD,daily,2026-01-13,5.3764,Banco Central do Brasil - SGS,2026-08-24T21:53:02.473616+00:00
usd_brl,USD/BRL sell exchange rate,BRL per USD,daily,2026-01-14,5.3795,Banco Central do Brasil - SGS,2026-08-24T21:53:02.473616+00:00
usd_brl,USD/BRL sell exchange rate,BRL per USD,daily,2026-01-15,5.3846,Banco Central do Brasil - SGS,2026-08-24T21:53:02.473616+00:00
usd_brl,USD/BRL sell exchange rate,BRL per USD,daily,2026-01-16,5.3798,Banco Central do Brasil - SGS,2026-08-24T21:53:02.473616+00:00
usd_brl,USD/BRL sell exchange rate,BRL per USD,daily,2026-01-19,5.3653,Banco Central do Brasil - SGS,2026-08-24T21:53:02.473616+00:00
usd_brl,USD/BRL sell exchange rate,BRL per USD,daily,2026-01-20,5.379,Banco Central do Brasil - SGS,2026-08-24T21:53:02.473616+00:00
usd_brl,USD/BRL sell exchange rate,BRL per USD,daily,2026-01-21,5.3368,Banco Central do Brasil - SGS,2026-08-24T21:53:02.473616+00:00
usd_brl,USD/BRL sell exchange rate,BRL per USD,daily,2026-01-22,5.3118,Banco Central do Brasil - SGS,2026-08-24T21:53:02.473616+00:00
usd_brl,USD/BRL sell exchange rate,BRL per USD,daily,2026-01-23,5.2879,Banco Central do Brasil - SGS,2026-08-24T21:53:02.473616+00:00
usd_brl,USD/BRL sell exchange rate,BRL per USD,daily,2026-01-26,5.276,Banco Central do Brasil - SGS,2026-08-24T21:53:02.473616+00:00
usd_brl,USD/BRL sell exchange rate,BRL per USD,daily,2026-01-27,5.2392,Banco Central do Brasil - SGS,2026-08-24T21:53:02.473616+00:00
usd_brl,USD/BRL sell exchange rate,BRL per USD,daily,2026-01-28,5.1838,Banco Central do Brasil - SGS,2026-08-24T21:53:02.473616+00:00
usd_brl,USD/BRL sell exchange rate,BRL per USD,daily,2026-01-29,5.1956,Banco Central do Brasil - SGS,2026-08-24T21:53:02.473616+00:00
usd_brl,USD/BRL sell exchange rate,BRL per USD,daily,2026-01-30,5.2301,Banco Central do Brasil - SGS,2026-08-24T21:53:02.473616+00:00
usd_brl,USD/BRL sell exchange rate,BRL per USD,daily,2026-02-02,5.2587,Banco Central do Brasil - SGS,2026-08-24T21:53:02.473616+00:00
usd_brl,USD/BRL sell exchange rate,BRL per USD,daily,2026-02-03,5.2236,Banco Central do Brasil - SGS,2026-08-24T21:53:02.473616+00:00
usd_brl,USD/BRL sell exchange rate,BRL per USD,daily,2026-02-04,5.2359,Banco Central do Brasil - SGS,2026-08-24T21:53:02.473616+00:00
usd_brl,USD/BRL sell exchange rate,BRL per USD,daily,2026-02-05,5.258,Banco Central do Brasil - SGS,2026-08-24T21:53:02.473616+00:00
usd_brl,USD/BRL sell exchange rate,BRL per USD,daily,2026-02-06,5.2341,Banco Central do Brasil - SGS,2026-08-24T21:53:02.473616+00:00
usd_brl,USD/BRL sell exchange rate,BRL per USD,daily,2026-02-09,5.1943,Banco Central do Brasil - SGS,2026-08-24T21:53:02.473616+00:00
usd_brl,USD/BRL sell exchange rate,BRL per USD,daily,2026-02-10,5.2021,Banco Central do Brasil - SGS,2026-08-24T21:53:02.473616+00:00
usd_brl,USD/BRL sell exchange rate,BRL per USD,daily,2026-02-11,5.1836,Banco Central do Brasil - SGS,2026-08-24T21:53:02.473616+00:00
usd_brl,USD/BRL sell exchange rate,BRL per USD,daily,2026-02-12,5.1674,Banco Central do Brasil - SGS,2026-08-24T21:53:02.473616+00:00
usd_brl,USD/BRL sell exchange rate,BRL per USD,daily,2026-02-13,5.2288,Banco Central do Brasil - SGS,2026-08-24T21:53:02.473616+00:00
usd_brl,USD/BRL sell exchange rate,BRL per USD,daily,2026-02-18,5.2349,Banco Central do Brasil - SGS,2026-08-24T21:53:02.473616+00:00
usd_brl,USD/BRL sell exchange rate,BRL per USD,daily,2026-02-19,5.2257,Banco Central do Brasil - SGS,2026-08-24T21:53:02.473616+00:00
usd_brl,USD/BRL sell exchange rate,BRL per USD,daily,2026-02-20,5.2006,Banco Central do Brasil - SGS,2026-08-24T21:53:02.473616+00:00
usd_brl,USD/BRL sell exchange rate,BRL per USD,daily,2026-02-23,5.1635,Banco Central do Brasil - SGS,2026-08-24T21:53:02.473616+00:00
usd_brl,USD/BRL sell exchange rate,BRL per USD,daily,2026-02-24,5.1682,Banco Central do Brasil - SGS,2026-08-24T21:53:02.473616+00:00
usd_brl,USD/BRL sell exchange rate,BRL per USD,daily,2026-02-25,5.144,Banco Central do Brasil - SGS,2026-08-24T21:53:02.473616+00:00
usd_brl,USD/BRL sell exchange rate,BRL per USD,daily,2026-02-26,5.1382,Banco Central do Brasil - SGS,2026-08-24T21:53:02.473616+00:00
usd_brl,USD/BRL sell exchange rate,BRL per USD,daily,2026-02-27,5.1495,Banco Central do Brasil - SGS,2026-08-24T21:53:02.473616+00:00
usd_brl,USD/BRL sell exchange rate,BRL per USD,daily,2026-03-02,5.2001,Banco Central do Brasil - SGS,2026-08-24T21:53:02.473616+00:00
usd_brl,USD/BRL sell exchange rate,BRL per USD,daily,2026-03-03,5.287,Banco Central do Brasil - SGS,2026-08-24T21:53:02.473616+00:00
usd_brl,USD/BRL sell exchange rate,BRL per USD,daily,2026-03-04,5.2091,Banco Central do Brasil - SGS,2026-08-24T21:53:02.473616+00:00
usd_brl,USD/BRL sell exchange rate,BRL per USD,daily,2026-03-05,5.2447,Banco Central do Brasil - SGS,2026-08-24T21:53:02.473616+00:00
usd_brl,USD/BRL sell exchange rate,BRL per USD,daily,2026-03-06,5.2878,Banco Central do Brasil - SGS,2026-08-24T21:53:02.473616+00:00
usd_brl,USD/BRL sell exchange rate,BRL per USD,daily,2026-03-09,5.2139,Banco Central do Brasil - SGS,2026-08-24T21:53:02.473616+00:00
usd_brl,USD/BRL sell exchange rate,BRL per USD,daily,2026-03-10,5.1622,Banco Central do Brasil - SGS,2026-08-24T21:53:02.473616+00:00
usd_brl,USD/BRL sell exchange rate,BRL per USD,daily,2026-03-11,5.1596,Banco Central do Brasil - SGS,2026-08-24T21:53:02.473616+00:00
usd_brl,USD/BRL sell exchange rate,BRL per USD,daily,2026-03-12,5.2051,Banco Central do Brasil - SGS,2026-08-24T21:53:02.473616+00:00
usd_brl,USD/BRL sell exchange rate,BRL per USD,daily,2026-03-13,5.2541,Banco Central do Brasil - SGS,2026-08-24T21:53:02.473616+00:00
usd_brl,USD/BRL sell exchange rate,BRL per USD,daily,2026-03-16,5.2647,Banco Central do Brasil - SGS,2026-08-24T21:53:02.473616+00:00
usd_brl,USD/BRL sell exchange rate,BRL per USD,daily,2026-03-17,5.2022,Banco Central do Brasil - SGS,2026-08-24T21:53:02.473616+00:00
usd_brl,USD/BRL sell exchange rate,BRL per USD,daily,2026-03-18,5.2112,Banco Central do Brasil - SGS,2026-08-24T21:53:02.473616+00:00
usd_brl,USD/BRL sell exchange rate,BRL per USD,daily,2026-03-19,5.2587,Banco Central do Brasil - SGS,2026-08-24T21:53:02.473616+00:00
usd_brl,USD/BRL sell exchange rate,BRL per USD,daily,2026-03-20,5.28,Banco Central do Brasil - SGS,2026-08-24T21:53:02.473616+00:00
usd_brl,USD/BRL sell exchange rate,BRL per USD,daily,2026-03-23,5.244,Banco Central do Brasil - SGS,2026-08-24T21:53:02.473616+00:00
usd_brl,USD/BRL sell exchange rate,BRL per USD,daily,2026-03-24,5.2599,Banco Central do Brasil - SGS,2026-08-24T21:53:02.473616+00:00
usd_brl,USD/BRL sell exchange rate,BRL per USD,daily,2026-03-25,5.2275,Banco Central do Brasil - SGS,2026-08-24T21:53:02.473616+00:00
usd_brl,USD/BRL sell exchange rate,BRL per USD,daily,2026-03-26,5.2308,Banco Central do Brasil - SGS,2026-08-24T21:53:02.473616+00:00
usd_brl,USD/BRL sell exchange rate,BRL per USD,daily,2026-03-27,5.2376,Banco Central do Brasil - SGS,2026-08-24T21:53:02.473616+00:00
usd_brl,USD/BRL sell exchange rate,BRL per USD,daily,2026-03-30,5.2353,Banco Central do Brasil - SGS,2026-08-24T21:53:02.473616+00:00
usd_brl,USD/BRL sell exchange rate,BRL per USD,daily,2026-03-31,5.2194,Banco Central do Brasil - SGS,2026-08-24T21:53:02.473616+00:00
usd_brl,USD/BRL sell exchange rate,BRL per USD,daily,2026-04-01,5.1606,Banco Central do Brasil - SGS,2026-08-24T21:53:02.473616+00:00
usd_brl,USD/BRL sell exchange rate,BRL per USD,daily,2026-04-02,5.1655,Banco Central do Brasil - SGS,2026-08-24T21:53:02.473616+00:00
usd_brl,USD/BRL sell exchange rate,BRL per USD,daily,2026-04-06,5.1532,Banco Central do Brasil - SGS,2026-08-24T21:53:02.473616+00:00
usd_brl,USD/BRL sell exchange rate,BRL per USD,daily,2026-04-07,5.1625,Banco Central do Brasil - SGS,2026-08-24T21:53:02.473616+00:00
usd_brl,USD/BRL sell exchange rate,BRL per USD,daily,2026-04-08,5.0899,Banco Central do Brasil - SGS,2026-08-24T21:53:02.473616+00:00
usd_brl,USD/BRL sell exchange rate,BRL per USD,daily,2026-04-09,5.0821,Banco Central do Brasil - SGS,2026-08-24T21:53:02.473616+00:00
usd_brl,USD/BRL sell exchange rate,BRL per USD,daily,2026-04-10,5.0229,Banco Central do Brasil - SGS,2026-08-24T21:53:02.473616+00:00
usd_brl,USD/BRL sell exchange rate,BRL per USD,daily,2026-04-13,5.0244,Banco Central do Brasil - SGS,2026-08-24T21:53:02.473616+00:00
usd_brl,USD/BRL sell exchange rate,BRL per USD,daily,2026-04-14,4.9806,Banco Central do Brasil - SGS,2026-08-24T21:53:02.473616+00:00
usd_brl,USD/BRL sell exchange rate,BRL per USD,daily,2026-04-15,4.9928,Banco Central do Brasil - SGS,2026-08-24T21:53:02.473616+00:00
usd_brl,USD/BRL sell exchange rate,BRL per USD,daily,2026-04-16,5.0007,Banco Central do Brasil - SGS,2026-08-24T21:53:02.473616+00:00
usd_brl,USD/BRL sell exchange rate,BRL per USD,daily,2026-04-17,4.9695,Banco Central do Brasil - SGS,2026-08-24T21:53:02.473616+00:00
usd_brl,USD/BRL sell exchange rate,BRL per USD,daily,2026-04-20,4.9844,Banco Central do Brasil - SGS,2026-08-24T21:53:02.473616+00:00
usd_brl,USD/BRL sell exchange rate,BRL per USD,daily,2026-04-22,4.9653,Banco Central do Brasil - SGS,2026-08-24T21:53:02.473616+00:00
usd_brl,USD/BRL sell exchange rate,BRL per USD,daily,2026-04-23,4.9539,Banco Central do Brasil - SGS,2026-08-24T21:53:02.473616+00:00
usd_brl,USD/BRL sell exchange rate,BRL per USD,daily,2026-04-24,5.0083,Banco Central do Brasil - SGS,2026-08-24T21:53:02.473616+00:00
usd_brl,USD/BRL sell exchange rate,BRL per USD,daily,2026-04-27,4.97,Banco Central do Brasil - SGS,2026-08-24T21:53:02.473616+00:00
usd_brl,USD/BRL sell exchange rate,BRL per USD,daily,2026-04-28,4.9878,Banco Central do Brasil - SGS,2026-08-24T21:53:02.473616+00:00
usd_brl,USD/BRL sell exchange rate,BRL per USD,daily,2026-04-29,4.9985,Banco Central do Brasil - SGS,2026-08-24T21:53:02.473616+00:00
usd_brl,USD/BRL sell exchange rate,BRL per USD,daily,2026-04-30,4.9886,Banco Central do Brasil - SGS,2026-08-24T21:53:02.473616+00:00
usd_brl,USD/BRL sell exchange rate,BRL per USD,daily,2026-05-04,4.9587,Banco Central do Brasil - SGS,2026-08-24T21:53:02.473616+00:00
usd_brl,USD/BRL sell exchange rate,BRL per USD,daily,2026-05-05,4.9242,Banco Central do Brasil - SGS,2026-08-24T21:53:02.473616+00:00
usd_brl,USD/BRL sell exchange rate,BRL per USD,daily,2026-05-06,4.9274,Banco Central do Brasil - SGS,2026-08-24T21:53:02.473616+00:00
usd_brl,USD/BRL sell exchange rate,BRL per USD,daily,2026-05-07,4.917,Banco Central do Brasil - SGS,2026-08-24T21:53:02.473616+00:00
usd_brl,USD/BRL sell exchange rate,BRL per USD,daily,2026-05-08,4.8999,Banco Central do Brasil - SGS,2026-08-24T21:53:02.473616+00:00
usd_brl,USD/BRL sell exchange rate,BRL per USD,daily,2026-05-11,4.8973,Banco Central do Brasil - SGS,2026-08-24T21:53:02.473616+00:00
usd_brl,USD/BRL sell exchange rate,BRL per USD,daily,2026-05-12,4.8977,Banco Central do Brasil - SGS,2026-08-24T21:53:02.473616+00:00
usd_brl,USD/BRL sell exchange rate,BRL per USD,daily,2026-05-13,4.9118,Banco Central do Brasil - SGS,2026-08-24T21:53:02.473616+00:00
usd_brl,USD/BRL sell exchange rate,BRL per USD,daily,2026-05-14,4.9809,Banco Central do Brasil - SGS,2026-08-24T21:53:02.473616+00:00
usd_brl,USD/BRL sell exchange rate,BRL per USD,daily,2026-05-15,5.0654,Banco Central do Brasil - SGS,2026-08-24T21:53:02.473616+00:00
usd_brl,USD/BRL sell exchange rate,BRL per USD,daily,2026-05-18,5.0093,Banco Central do Brasil - SGS,2026-08-24T21:53:02.473616+00:00
usd_brl,USD/BRL sell exchange rate,BRL per USD,daily,2026-05-19,5.0378,Banco Central do Brasil - SGS,2026-08-24T21:53:02.473616+00:00
usd_brl,USD/BRL sell exchange rate,BRL per USD,daily,2026-05-20,5.0301,Banco Central do Brasil - SGS,2026-08-24T21:53:02.473616+00:00
usd_brl,USD/BRL sell exchange rate,BRL per USD,daily,2026-05-21,5.0077,Banco Central do Brasil - SGS,2026-08-24T21:53:02.473616+00:00
usd_brl,USD/BRL sell exchange rate,BRL per USD,daily,2026-05-22,5.014,Banco Central do Brasil - SGS,2026-08-24T21:53:02.473616+00:00
usd_brl,USD/BRL sell exchange rate,BRL per USD,daily,2026-05-25,5.0072,Banco Central do Brasil - SGS,2026-08-24T21:53:02.473616+00:00
usd_brl,USD/BRL sell exchange rate,BRL per USD,daily,2026-05-26,5.0211,Banco Central do Brasil - SGS,2026-08-24T21:53:02.473616+00:00
usd_brl,USD/BRL sell exchange rate,BRL per USD,daily,2026-05-27,5.0579,Banco Central do Brasil - SGS,2026-08-24T21:53:02.473616+00:00
usd_brl,USD/BRL sell exchange rate,BRL per USD,daily,2026-05-28,5.0517,Banco Central do Brasil - SGS,2026-08-24T21:53:02.473616+00:00
usd_brl,USD/BRL sell exchange rate,BRL per USD,daily,2026-05-29,5.0569,Banco Central do Brasil - SGS,2026-08-24T21:53:02.473616+00:00
usd_brl,USD/BRL sell exchange rate,BRL per USD,daily,2026-06-01,5.0303,Banco Central do Brasil - SGS,2026-08-24T21:53:02.473616+00:00
usd_brl,USD/BRL sell exchange rate,BRL per USD,daily,2026-06-02,5.016,Banco Central do Brasil - SGS,2026-08-24T21:53:02.473616+00:00
usd_brl,USD/BRL sell exchange rate,BRL per USD,daily,2026-06-03,5.0415,Banco Central do Brasil - SGS,2026-08-24T21:53:02.473616+00:00
usd_brl,USD/BRL sell exchange rate,BRL per USD,daily,2026-06-05,5.1244,Banco Central do Brasil - SGS,2026-08-24T21:53:02.473616+00:00
usd_brl,USD/BRL sell exchange rate,BRL per USD,daily,2026-06-08,5.1695,Banco Central do Brasil - SGS,2026-08-24T21:53:02.473616+00:00
usd_brl,USD/BRL sell exchange rate,BRL per USD,daily,2026-06-09,5.1693,Banco Central do Brasil - SGS,2026-08-24T21:53:02.473616+00:00
usd_brl,USD/BRL sell exchange rate,BRL per USD,daily,2026-06-10,5.1763,Banco Central do Brasil - SGS,2026-08-24T21:53:02.473616+00:00
usd_brl,USD/BRL sell exchange rate,BRL per USD,daily,2026-06-11,5.1478,Banco Central do Brasil - SGS,2026-08-24T21:53:02.473616+00:00
usd_brl,USD/BRL sell exchange rate,BRL per USD,daily,2026-06-12,5.0827,Banco Central do Brasil - SGS,2026-08-24T21:53:02.473616+00:00
usd_brl,USD/BRL sell exchange rate,BRL per USD,daily,2026-06-15,5.043,Banco Central do Brasil - SGS,2026-08-24T21:53:02.473616+00:00
usd_brl,USD/BRL sell exchange rate,BRL per USD,daily,2026-06-16,5.078,Banco Central do Brasil - SGS,2026-08-24T21:53:02.473616+00:00
usd_brl,USD/BRL sell exchange rate,BRL per USD,daily,2026-06-17,5.0641,Banco Central do Brasil - SGS,2026-08-24T21:53:02.473616+00:00
usd_brl,USD/BRL sell exchange rate,BRL per USD,daily,2026-06-18,5.1613,Banco Central do Brasil - SGS,2026-08-24T21:53:02.473616+00:00
usd_brl,USD/BRL sell exchange rate,BRL per USD,daily,2026-06-19,5.1442,Banco Central do Brasil - SGS,2026-08-24T21:53:02.473616+00:00
usd_brl,USD/BRL sell exchange rate,BRL per USD,daily,2026-06-22,5.1395,Banco Central do Brasil - SGS,2026-08-24T21:53:02.473616+00:00
usd_brl,USD/BRL sell exchange rate,BRL per USD,daily,2026-06-23,5.1743,Banco Central do Brasil - SGS,2026-08-24T21:53:02.473616+00:00
usd_brl,USD/BRL sell exchange rate,BRL per USD,daily,2026-06-24,5.2098,Banco Central do Brasil - SGS,2026-08-24T21:53:02.473616+00:00
usd_brl,USD/BRL sell exchange rate,BRL per USD,daily,2026-06-25,5.1892,Banco Central do Brasil - SGS,2026-08-24T21:53:02.473616+00:00
usd_brl,USD/BRL sell exchange rate,BRL per USD,daily,2026-06-26,5.1695,Banco Central do Brasil - SGS,2026-08-24T21:53:02.473616+00:00
usd_brl,USD/BRL sell exchange rate,BRL per USD,daily,2026-06-29,5.1717,Banco Central do Brasil - SGS,2026-08-24T21:53:02.473616+00:00
usd_brl,USD/BRL sell exchange rate,BRL per USD,daily,2026-06-30,5.1766,Banco Central do Brasil - SGS,2026-08-24T21:53:02.473616+00:00
usd_brl,USD/BRL sell exchange rate,BRL per USD,daily,2026-07-01,5.195,Banco Central do Brasil - SGS,2026-08-24T21:53:02.473616+00:00
usd_brl,USD/BRL sell exchange rate,BRL per USD,daily,2026-07-02,5.1945,Banco Central do Brasil - SGS,2026-08-24T21:53:02.473616+00:00
usd_brl,USD/BRL sell exchange rate,BRL per USD,daily,2026-07-03,5.1717,Banco Central do Brasil - SGS,2026-08-24T21:53:02.473616+00:00
usd_brl,USD/BRL sell exchange rate,BRL per USD,daily,2026-07-06,5.167,Banco Central do Brasil - SGS,2026-08-24T21:53:02.473616+00:00
usd_brl,USD/BRL sell exchange rate,BRL per USD,daily,2026-07-07,5.1458,Banco Central do Brasil - SGS,2026-08-24T21:53:02.473616+00:00
usd_brl,USD/BRL sell exchange rate,BRL per USD,daily,2026-07-08,5.1552,Banco Central do Brasil - SGS,2026-08-24T21:53:02.473616+00:00
usd_brl,USD/BRL sell exchange rate,BRL per USD,daily,2026-07-09,5.1329,Banco Central do Brasil - SGS,2026-08-24T21:53:02.473616+00:00
usd_brl,USD/BRL sell exchange rate,BRL per USD,daily,2026-07-10,5.1088,Banco Central do Brasil - SGS,2026-08-24T21:53:02.473616+00:00
usd_brl,USD/BRL sell exchange rate,BRL per USD,daily,2026-07-13,5.1183,Banco Central do Brasil - SGS,2026-08-24T21:53:02.473616+00:00
usd_brl,USD/BRL sell exchange rate,BRL per USD,daily,2026-07-14,5.0742,Banco Central do Brasil - SGS,2026-08-24T21:53:02.473616+00:00
usd_brl,USD/BRL sell exchange rate,BRL per USD,daily,2026-07-15,5.0727,Banco Central do Brasil - SGS,2026-08-24T21:53:02.473616+00:00
usd_brl,USD/BRL sell exchange rate,BRL per USD,daily,2026-07-16,5.0975,Banco Central do Brasil - SGS,2026-08-24T21:53:02.473616+00:00
usd_brl,USD/BRL sell exchange rate,BRL per USD,daily,2026-07-17,5.1176,Banco Central do Brasil - SGS,2026-08-24T21:53:02.473616+00:00
usd_brl,USD/BRL sell exchange rate,BRL per USD,daily,2026-07-20,5.0894,Banco Central do Brasil - SGS,2026-08-24T21:53:02.473616+00:00
usd_brl,USD/BRL sell exchange rate,BRL per USD,daily,2026-07-21,5.078,Banco Central do Brasil - SGS,2026-08-24T21:53:02.473616+00:00
usd_brl,USD/BRL sell exchange rate,BRL per USD,daily,2026-07-22,5.0638,Banco Central do Brasil - SGS,2026-08-24T21:53:02.473616+00:00
usd_brl,USD/BRL sell exchange rate,BRL per USD,daily,2026-07-23,5.0807,Banco Central do Brasil - SGS,2026-08-24T21:53:02.473616+00:00
usd_brl,USD/BRL sell exchange rate,BRL per USD,daily,2026-07-24,5.0666,Banco Central do Brasil - SGS,2026-08-24T21:53:02.473616+00:00
usd_brl,USD/BRL sell exchange rate,BRL per USD,daily,2026-07-27,5.1005,Banco Central do Brasil - SGS,2026-08-24T21:53:02.473616+00:00
usd_brl,USD/BRL sell exchange rate,BRL per USD,daily,2026-07-28,5.1177,Banco Central do Brasil - SGS,2026-08-24T21:53:02.473616+00:00
usd_brl,USD/BRL sell exchange rate,BRL per USD,daily,2026-07-29,5.1217,Banco Central do Brasil - SGS,2026-08-24T21:53:02.473616+00:00
usd_brl,USD/BRL sell exchange rate,BRL per USD,daily,2026-07-30,5.0739,Banco Central do Brasil - SGS,2026-08-24T21:53:02.473616+00:00
usd_brl,USD/BRL sell exchange rate,BRL per USD,daily,2026-07-31,5.0773,Banco Central do Brasil - SGS,2026-08-24T21:53:02.473616+00:00
usd_brl,USD/BRL sell exchange rate,BRL per USD,daily,2026-08-03,5.0723,Banco Central do Brasil - SGS,2026-08-24T21:53:02.473616+00:00
usd_brl,USD/BRL sell exchange rate,BRL per USD,daily,2026-08-04,5.1053,Banco Central do Brasil - SGS,2026-08-24T21:53:02.473616+00:00
usd_brl,USD/BRL sell exchange rate,BRL per USD,daily,2026-08-05,5.1154,Banco Central do Brasil - SGS,2026-08-24T21:53:02.473616+00:00
usd_brl,USD/BRL sell exchange rate,BRL per USD,daily,2026-08-06,5.1017,Banco Central do Brasil - SGS,2026-08-24T21:53:02.473616+00:00
usd_brl,USD/BRL sell exchange rate,BRL per USD,daily,2026-08-07,5.0908,Banco Central do Brasil - SGS,2026-08-24T21:53:02.473616+00:00
usd_brl,USD/BRL sell exchange rate,BRL per USD,daily,2026-08-10,5.0963,Banco Central do Brasil - SGS,2026-08-24T21:53:02.473616+00:00
usd_brl,USD/BRL sell exchange rate,BRL per USD,daily,2026-08-11,5.1285,Banco Central do Brasil - SGS,2026-08-24T21:53:02.473616+00:00
usd_brl,USD/BRL sell exchange rate,BRL per USD,daily,2026-08-12,5.1639,Banco Central do Brasil - SGS,2026-08-24T21:53:02.473616+00:00
usd_brl,USD/BRL sell exchange rate,BRL per USD,daily,2026-08-13,5.1859,Banco Central do Brasil - SGS,2026-08-24T21:53:02.473616+00:00
usd_brl,USD/BRL sell exchange rate,BRL per USD,daily,2026-08-14,5.2236,Banco Central do Brasil - SGS,2026-08-24T21:53:02.473616+00:00
usd_brl,USD/BRL sell exchange rate,BRL per USD,daily,2026-08-17,5.2014,Banco Central do Brasil - SGS,2026-08-24T21:53:02.473616+00:00
usd_brl,USD/BRL sell exchange rate,BRL per USD,daily,2026-08-18,5.2043,Banco Central do Brasil - SGS,2026-08-24T21:53:02.473616+00:00
usd_brl,USD/BRL sell exchange rate,BRL per USD,daily,2026-08-19,5.1714,Banco Central do Brasil - SGS,2026-08-24T21:53:02.473616+00:00
usd_brl,USD/BRL sell exchange rate,BRL per USD,daily,2026-08-20,5.1862,Banco Central do Brasil - SGS,2026-08-24T21:53:02.473616+00:00
usd_brl,USD/BRL sell exchange rate,BRL per USD,daily,2026-08-21,5.1625,Banco Central do Brasil - SGS,2026-08-24T21:53:02.473616+00:00
usd_brl,USD/BRL sell exchange rate,BRL per USD,daily,2026-08-24,5.1512,Banco Central do Brasil - SGS,2026-08-24T21:53:02.473616+00:00
